nama,rating,waktu,label,review
Adi,5,1 minggu lalu,OR,Yang ini belum dicoba
Hilma,5,1 minggu lalu,OR,pesanan sesuai terima kasih
H***y,5,3 minggu lalu,OR,terima kasih atas bonusnya
I***d,5,1 bulan lalu,OR,terima kasih
S***f,5,1 bulan lalu,OR,"Respon seller cepat dan ramah, packing rapi, pengiriman cepat"
Desi,5,1 bulan lalu,OR,"belom ada hasilnya,pengirimannya jg biasa aja

so so lah kualitas sm kegercepannya"
Achieeana,5,1 bulan lalu,OR,Efek bab biasa aja ga kuat
Eva,4,1 hari yang lalu,CG, krg cocok.. tidak ada hasil ..bukan jelek krn yg beli byk ..bahan ok alami..produk lain ditoko ini aku beli bagus cck cm yg ini krg. tyt tiap org beda2 ya ada yg cck ad...
Dina,5,1 hari yang lalu,CG,"layanan penjual ramah,responsif,komunikatif. semoga cocok dan repeat order"
R***d,5,2 hari yang lalu,CG,"barang bagus, pengiriman cepat."
R***i,5,3 hari yang lalu,CG,"barang sdh sampai dengan selamat, tq ya gan"
R***d,5,4 hari yang lalu,CG,biarkan bintang yg bicara ya gan..
K***n,5,6 hari yang lalu,CG,semoga manjur
C***a,5,6 hari yang lalu,CG, secara barang memang bagus tapi baru kali ini saya beli lama sekali pengirimannya dari ante* aj* mohon untuk ekspedisi tersebht dipertimbagkan kembali oleh pihak herbilog...
Asmy,5,1 minggu lalu,OR,puas
Y***i,5,1 minggu lalu,CG,lumayan bagus utk mencerahkan pencernaan.... sdh beli beberapa kali...
Ha,5,1 minggu lalu,CG,langsung ngefek bgt di aku. sering buang air kecil. dan memang harus banyak minum air mineral. tokonya garcep packing dan ngirim. packing menggunakan kardus lagi
Persetan,3,1 minggu lalu,OR,kenapa ya aku minum ini bikin badan lemes banget
Irwan,5,1 minggu lalu,CG,produk sesuai semoga cocok hanya pengiriman lumayan ngaret mungkin ada kendala karena tahun baru tks
hodijaya,5,1 minggu lalu,CG,semoga bisa turun.. perlahan tapi pasti aja yg penting aman
Ay,4,1 minggu lalu,OR,efeknya kok ga berasa
w***k,5,2 minggu lalu,CG," saya dah beli bbrp x produk slimming capsule, pome, sama green tea nya..smua cocok saya konsumsi rutin.. eh malah ini di bonusin red ginger powder nya, tau banget kalau s..."
N***l,4,2 minggu lalu,OR, 4 dulu. belum tau efektif OR ngga herbalnya
v***a,5,2 minggu lalu,CG,pembelian ke-2
Sialan,5,2 minggu lalu,CG," kalo di minum sebelum tidur, pagi subuh perut langsung mules mau bab, kalo utk menurunkan bb di saya sih blm pengaruh banget ya udh repeat order nya berkali2 padahal hehe..."
Anita,5,2 minggu lalu,OR,terimakasih bonusnya
Persetan,5,2 minggu lalu,CG,"dapet pas diskon, semoga membantu pencernaan lebih lancar, makasih ya"
A A,5,3 minggu lalu,CG,"sejauh ini masih hanya melancarkan bab, tapi cukup membantu dalam metabolisme sihh"
Dwi,5,3 minggu lalu,OR,"semoga efeknya joss, thanks gan"
t *** n,5,3 minggu lalu,CG,belom dicoba karna baru dateng. semoga membantu melunturkan lemak
Atifah,5,1 bulan lalu,CG,"sdah langganan beli disini, pembelian kali ini dikasi bonus juga. mksih kakkk"
g***a,5,1 bulan lalu,OR,blm di coba semoga bener bisa nurunin berat badan
Wahyuning,3,1 bulan lalu,CG,"pengiriman aga lambat, packing krg rapih.. semoga cocok vitaminnya."
Ji,5,1 bulan lalu,OR,belum tau apa pengaruhnya
Monarika,5,1 bulan lalu,CG,"order yg kedua kali, barang ori mantul pokoknya"
Ke,5,1 bulan lalu,CG,"pesan sdh sampai,sdh langganan biasa"
C***a,5,1 bulan lalu,CG,semoga berhasil menurunkan karena baru pertama mencoba..
I***a,5,1 bulan lalu,CG,hebat
haji,5,1 bulan lalu,OR,terimakasih bonus jahenya
I***a,5,1 bulan lalu,CG,semoga cocok di adekku
N***n,4,1 bulan lalu,CG,pertama kali coba. semoga cocok. dari segi harga dan kwalitas.
Har,5,1 bulan lalu,CG,cocok..tks
Elok,3,1 bulan lalu,OR, 5 nyusul klw udh habis ya
u *** i,5,1 bulan lalu,CG,"puas, barangnya terjamin original, thanks seller!"
pergi,5,1 bulan lalu,OR,kiriman sampai
Astaga,4,1 bulan lalu,CG,baru bulan kedua hasil belum seperti yg di tuliskan sudah dibarengi dengan olahraga high impact dan pola makan. masih harus komitmen lagi
hari,5,2 bulan lalu,CG,semoga cocok aja pengiriman cepat
Persetan,4,2 bulan lalu,CG,"pengiriman hampir seminggu, padahal pembelian sebelumnya sehari sampai"
R***d,5,2 bulan lalu,CG,biarkan bintang yg bicara ya gan..
A***f,5,2 bulan lalu,CG,"barang sampai dengan selamat, baru pertama kali coba semoga ada efeknya."
Yonita,5,2 bulan lalu,CG,puas bgt belanja diaini. produk bagus dan pembelian ini dikasih bonus toples. terima kasih
Asmy,5,2 bulan lalu,OR,puas
Vindy,5,2 bulan lalu,CG," bagus. ini kedua kalinya beli, yg pertama ditoko orenji. pembelian pertama habis 1/2 botol baru ada efeknya. beli kedua biar makin byk lg turunnya. botol pertama turun..."
TUTI,1,2 bulan lalu,OR,5 hari baru sampe dong. pdhal pengiriman dari bogor ke bogor juga
Feri,5,2 bulan lalu,CG,semoga cocok
Laurencius,5,2 bulan lalu,CG,"sesuai deskripsi, semoga bermanfaat. terima kasih penjual"
Elly,4,2 bulan lalu,CG,pertama x coba semoga cocok
R***i,5,2 bulan lalu,CG,"barang sdh sampai dengan selamat, pesen sdh ke 2 kali nya"
Sialan,5,2 bulan lalu,CG,udah repeat order ke 3x.. makasih.
Sial,5,2 bulan lalu,CG,"pengiriman : 2 hari packingan : aman dengan kardus produk : overall ok, semoga bermanfaat thank you seller"
Asmy,5,2 bulan lalu,OR,puas
R***d,5,2 bulan lalu,CG,biarkan yg bicara ya gan..
a *** e,4,2 bulan lalu,OR,"ok bgt,,,gk pake mules yg menyiksa,,,hehehehe,,,"
Gladvin,3,3 bulan lalu,OR,effect nya blm tau dan baru order pertama kali. nanti lah selanjutnya baru penilaian maksimal
S***a,5,3 bulan lalu,CG,semoga ngefek
Titi,5,3 bulan lalu,CG,pengiriman cpt...blom dicoba
ayu,5,3 bulan lalu,CG,"baru coba , bismillah semoga cocok aamiin"
Asmy,5,3 bulan lalu,OR,cocok
Persetan,5,3 bulan lalu,CG,oke jugapengaruhnya...saya turun setengah kg seminggu
inai,5,3 bulan lalu,CG,respon cepat.....smga efeknya sesuai promonya
Hilma,5,3 bulan lalu,CG,pembelian kedua.. terima kasih
Hana,3,3 bulan lalu,OR,konsumsi ini tenggorokan saya jadi sakit
y***a,3,3 bulan lalu,OR,konsumsi ini tenggorokan saya jadi sakit
D***i,5,3 bulan lalu,CG,cocok
Galih,5,3 bulan lalu,CG,"bagus, jadi lancar bgt buang air"
Persetan,5,3 bulan lalu,CG," udah beberapa kali repeat order dan bener-bener berpengaruh ke pencernaan, jadi lancar dan gak separah teh pelangsing yang bab nya selalu banyak hanya di pagi hari kalau mal..."
saya *** saya,5,3 bulan lalu,CG,pembelian kedua dan puassss
W***a,5,3 bulan lalu,CG,membantu bab lancar....
v***a,5,3 bulan lalu,CG,dateng2 kok dusnya besar bgt. eh dapet bonus lebih besar dari pd pesanan. trm kasih ya. baru mau coba protein powder yg plant base. semoga cocok
kadek,5,3 bulan lalu,CG,coba dulu
Lucas,5,3 bulan lalu,CG,baru mau coba slimming capsule nya. semoga oke. kemasan oke. proses pemesanan mudah dan dapat bonus juga.
Sial,5,3 bulan lalu,CG,"seller fast respon, semoga membantu proses metabolisme"
saya *** saya,5,3 bulan lalu,CG," pelayanannya bagus banget. pengiriman cepat, slimming capsulenya cocok di aku. terus dapat bonus banyak. bojusnya ada chia seed, black seed dan capsule healthy skin. mant..."
T***r,5,3 bulan lalu,CG,semoga bisa membantu & cocok
Irfandi,5,3 bulan lalu,OR,"barang ok, belum dicoba"
Astyas,1,3 bulan lalu,OR,"saya alergi minum ini, langsung melenting badan saya merah2, baru sekali minum padahal"
kadek,4,3 bulan lalu,CG,semoga cocok
Y***i,5,3 bulan lalu,CG,"pembelian kedua.... yg kedua langsung beli 2, lumayan bagus utk melancarkan pencernaan..... pengirimannya lumayan cepat.... proses agak lama.... anyway trmksh"
J***a,5,3 bulan lalu,CG,"belum coba , mudah2an cocok"
Tomi,5,4 bulan lalu,CG,sip mantap
sial,5,4 bulan lalu,CG, tadinya ragu beli produk ini dan tehnya. ga yakin apa bs bekerja dengan baik . krn usia udh 43 dan coba berbagai produk tapi nihil. tapi ini kmrn udh minum 1pil sore dan pag...
A A,3,4 bulan lalu,CG,semoga cocok dicoba dulu
Aik,5,4 bulan lalu,CG,pengiriman dan respon penjual baik. belum pernah menggunakan produk ini mudah2an ada manfaatnya
hilman,5,4 bulan lalu,CG,mantap membantu banget diet tapi perut kadang keram
Persetan,5,4 bulan lalu,CG,Bagus
Syd,5,4 bulan lalu,CG,mantul mantap betul
wenny,5,4 bulan lalu,CG," barang saya sudah sampai dengan packing yang rapi dan bagus, pelayanan yang ramah dan pengiriman yang lumayan cepat. saya belum mencobanya tetapi mudah-mudahan bisa..."
m***l,5,4 bulan lalu,CG,"barang sampai dengan selamat, semoga berhasil"
Yudi,5,4 bulan lalu,OR,"barang sesuai iklan, pesanan cepat sampai"
Yuliawan,5,4 bulan lalu,CG,"repeat order kali kedua. minum beberapa hari sesuai petunjuk ada perubahan, perut lebih mengecil"
V***a,5,4 bulan lalu,CG,"selaluu beli disini dan selalu puas, slalu fast respon, ga pernah telat, packing bagus the best online shop for service quality pokoknya.."
N***l,5,4 bulan lalu,CG,cepet banget udh sampe lagi baru bgt kmrn siang pesen nyaa makasih..
Menyerobot,5,4 bulan lalu,CG,packing aman dan rapih
Sial,4,4 bulan lalu,OR,"pengiriman cepat, packing rapih"
E***o,5,4 bulan lalu,CG,semoga cocok
Shabrina,5,4 bulan lalu,CG,bagus
A A,5,4 bulan lalu,CG,"harga lumayan, temen dah coba katanya okee walaupun ga cepet"
Sherenn,5,4 bulan lalu,CG,"terimakasih admin, fast respon dan cepet sampe. diet mudah2an ku berhasil."
Yoan,5,4 bulan lalu,OR,ya
Rahadyan,5,4 bulan lalu,CG, packing kardus dan kondisi barang aman masih tersegel serta kadaluarsanya sampai 2025. semoga ngefek untuk perut bapack - bapack. nanti saya edit reviewnya tergantung has...
Yuliawan,5,4 bulan lalu,CG,"packing aman dan bagus, pengiriman cepat, semoga produk sesuai keinginan"
Gina,5,4 bulan lalu,CG,ini manjur bgt asli no hoax
Sial,4,4 bulan lalu,OR,"pengiriman cepat, packing rapih"
E***o,5,4 bulan lalu,CG,semoga cocok
Shabrina,5,4 bulan lalu,CG,bagus
A A,5,4 bulan lalu,CG,"harga lumayan, temen dah coba katanya okee walaupun ga cepet"
Sherenn,5,4 bulan lalu,CG,"terimakasih admin, fast respon dan cepet sampe. diet mudah2an ku berhasil."
Yoan,5,4 bulan lalu,OR,ya
Rahadyan,5,4 bulan lalu,CG, packing kardus dan kondisi barang aman masih tersegel serta kadaluarsanya sampai 2025. semoga ngefek untuk perut bapack - bapack. nanti saya edit reviewnya tergantung has...
Yuliawan,5,4 bulan lalu,CG,"packing aman dan bagus, pengiriman cepat, semoga produk sesuai keinginan"
Gina,5,4 bulan lalu,CG,ini manjur bgt asli no hoax
S***r,5,5 bulan lalu,CG,semoga cocok dan ada efeknya dibadan saya
hilman,5,5 bulan lalu,CG,mantap ini pembelian kedua pembelian pertama berhasil turun 7kg
Davit,5,5 bulan lalu,CG,terima kasih
Ulul,5,5 bulan lalu,CG,"pengiriman cepat, packingbjuga rapi, dikasih bonus lagi. terima kasih penjual"
Sialan,5,5 bulan lalu,CG,"waowwww kerenn dpt hadiah donk. terimakasih.. barang sesuai dan semoga cucok , uda cb tehny ok banget..... terimakasih"
Misalnya,5,5 bulan lalu,OR,"pengiriman cepat, dapet hadiah juga"
Ela,5,5 bulan lalu,CG,"alhamdulillah udah sampe paketnya, mudah2an cocok"
Ely,5,5 bulan lalu,OR,moga2 terbukti efektif
N***l,5,5 bulan lalu,CG,produk mantappp
S***f,5,5 bulan lalu,CG,"respon cepat, packing rapi, ada voucher hadiah. pengiriman cepat. penjual rekomen"
Mona lisa,5,5 bulan lalu,CG,"terima kasih barang sdh sampai dgn baik ...baru mau coba produk ny ...smoga cocok ,,"
Muhammad,5,5 bulan lalu,CG,semoga cocok yaa terima kasih.
Kecil,4,5 bulan lalu,OR,"masih blm dicoba, jadi 4 dulu :)"
Irene,5,5 bulan lalu,CG,udh belanja kedua kalinya. beras kecilan juga
Ibnu,5,5 bulan lalu,CG," alhamdulillah penggunaan kurang lebih 1-2 minggu bb turun 3 kiloan, sehari minum 3x, dibarengin minum air putih 2 liter sehari minimal dan aerobik 30 menit sehari, bakalan..."
Sial,5,5 bulan lalu,OR,lumayan ngelancarin bab
E***a,5,5 bulan lalu,OR,terima kasih pesanan sudah diterima dengan baik dan sesuai. pengiriman lumayan cepat dan pengemasan rapih dan aman. sukses selalu ya!
Lissa,5,5 bulan lalu,OR,bikin ke belakang 3x sehari. maknyus di kantor
Shara,5,5 bulan lalu,CG,"uda di coba dan oke bgt, jadi sering bab sih"
Sucilawati,5,5 bulan lalu,CG,kali kedua belanja disini...mantap banget... dapet bonus chia seed dan emponÂ².makasih yaaaa
alshifa,5,5 bulan lalu,OR,"barang sudah terima sesuai pesanan, makasih"
A A,4,5 bulan lalu,CG,cocok di aku bagus
Aditya,4,5 bulan lalu,CG,"dicoba dulu ya, semoga berhasil"
BayMax,5,5 bulan lalu,CG,"proses dan pengiriman cepat, dapet bonus lagi... semoga cocok dan bermanfaat..."
Lucia,4,5 bulan lalu,CG,sudah sampe.masih segel.belum di coba semoga ngefek ya
Hilma,5,5 bulan lalu,CG,"pesanan sesuai, baru coba semoga berhasil terima kasih"
Berawa,4,5 bulan lalu,CG,"paket sampai dengan baik. packing juga oke. tq penjual. baru mau coba, semoga membantu menurunkan berat badan."
putra,5,5 bulan lalu,CG,semoga ada efeknya
Santi,5,5 bulan lalu,CG,"baru nyoba pertama kali, semoga cocok"
Hanung,5,5 bulan lalu,CG,"belum kelihatan turunnya, sejauh ini konsumsi badan terasa segar dan perut gak begah."
Henny,3,5 bulan lalu,OR,disaya tidak ada efeknya
Dion,4,6 bulan lalu,CG,baru mau coba liat testimoni. smg cocok
Y***a,5,6 bulan lalu,CG,baru pertama kali beli.. trm kasih herbilogy
E***a,5,6 bulan lalu,OR,udah abis setengah botol.. udah turun 2kg sementara ini.. habis ini mau nyoba yang paket siapa tau cocok
Donna,5,6 bulan lalu,CG,"produk oke,packing aman, seller fast respon, proses cepat, belum lihat hasilnya"
Dian,4,6 bulan lalu,CG,baru mau coba semoga cocok
Muji,5,6 bulan lalu,CG,"produk sesuai diskripdinya, respon penjual juga cepat, terima kasih."
Nedra,5,6 bulan lalu,CG," sejauh ini minum gak ada penurunan nafsu makan yg signifikan. minumnya bareng teh juga. tapi terasa sedikit demi sedikit nafsu makan mulai turun, yang sebenarnya lebih baik dari..."
Emilia,5,6 bulan lalu,CG,"udah repeat order, tapi belom slim slim banget nih..."
nia,5,6 bulan lalu,OR,barang asli
I***a,4,6 bulan lalu,CG,"kasih 4 dl yah,kalo uda turun bb bakalan repurchase dah..makasi"
Arif,5,6 bulan lalu,CG,"barang sudah sampai mudah2an cocok, dlterimakasih bonusnya"
Cecil,5,6 bulan lalu,OR,baru coba blm tau khasiatnya. klo turun bb aku beli lg.
La,5,6 bulan lalu,CG,seller ramah dan prosesnya cepat. belum tau sih bakal turun apa ngga tapi jujur ini bikin mules dan tiap hari skrng bab. terima kasih
R***i,5,6 bulan lalu,CG,"baru nyoba, mudah2an memperlancar pencernaan dan bisa buat bb sedikit turun"
J***e,5,6 bulan lalu,CG,baru dtg. kemasan bagus rapih dan perhatian seller banget. semoga cocok utk bisa langganan..
E***i,5,6 bulan lalu,CG,"pertama kali beli, barang sampai dengan selamat. tks."
Franda,5,6 bulan lalu,CG,Bagus
Pengenal,5,6 bulan lalu,CG,"pembelian ke 2 , respon penjual cepat"
Sial,5,6 bulan lalu,CG,"uda kesekian kali beli, melancarkan bab juga dan gak bikin pusing"
L *** s,5,6 bulan lalu,CG,sdh tiba dg baik dan cepat. produk dg kemasan yg baik dan berkualitas. semoga bermanfaat.
Bimo,5,6 bulan lalu,CG,kapsul pelangsing bagus sesuai deskripsi. semoga sukses selalu.
di sebuah,5,6 bulan lalu,CG,"baru cobain, semoga lancar program diet pake ini"
Ann,5,6 bulan lalu,CG,"awalnya sempet ragu pengen diet pake obat diet ini karena harganya dibanding produk lain, produk @herbiology ini termasuk yg sangat terjangkau, baru minum 6 kapsul ( 2ha..."
Rosita,5,6 bulan lalu,CG,semoga cocok di aku.. aamiin
C***a,5,6 bulan lalu,CG," setelah 7hr minum turun dong, disertai olga tabata tiap hari, defisit kalori, dan no karbo ya. minum air putih 2lt/jam. *edit setelah 5mgg bb turun lg sampai 60,95. jadi..."
WISNU,4,6 bulan lalu,CG,"belum coba, kalau nanti repeat order berarti emang bagus nih produknya."
sialan,5,6 bulan lalu,OR,belum dicoba kalau udah dicoba ntar dicoba lg soalnya lg coba coba
Sial,5,7 bulan lalu,CG,3 hari pemakaian. efek bab nya sih oke. tp nafsu makan masih belum ke kontrol.
A A,5,7 bulan lalu,CG,sangat bermanfaat
Polisi militer,5,7 bulan lalu,CG,"pengemasan dan packing aman bagusss.. untuk efektivitas suplemen belum terbukti, dicoba dulu ya.."
Dhinarananta,5,7 bulan lalu,CG,mantap oke bgt
Sial,5,7 bulan lalu,CG,semoga berhasil nurunin bb
Evi,5,7 bulan lalu,CG,baru mau coba..mudah mudahan berhasil
Sial,5,7 bulan lalu,CG,"pengiriman : 3 hari packingan : aman, bungkus pake kardus  produk : overall ok, belum dicoba, semoga cocok thank you seller"
Dini,5,7 bulan lalu,CG," wow ternyata sangat membantu proses penurunan berat badan saya. walaupun baru beberapa hari lumayan mengurangi nafsu makan, bab lancar setiap hari dan yg paling penting g..."
Hai,5,7 bulan lalu,CG,semoga sesuai aja dan berkhasiat. hhehe
Novriani,5,7 bulan lalu,CG,"terima kasih, semua nya bagus"
Pius,5,7 bulan lalu,CG,"produknya bagus, ini mau divoba semoga seminggu kedepan sdah ada hasilnya. amin"
Ku,5,7 bulan lalu,CG,"hasilnya memuaskan, bab jadi lancar"
Sial,5,7 bulan lalu,CG,"sangat ampuh buat pencernaan lancar. setiap malam minum 1 tablet sebelum tidur, besoknya eek lancar banget."
Endang,5,7 bulan lalu,OR,packingnya cuma pake kardus doang
Sukmawi,5,7 bulan lalu,OR,ahirnya sampe walo telat
R***a,5,7 bulan lalu,CG,"setelah konsumsi 2 hari .. efeknya blm nimbang siih , bab lancar dan buang air kecil cukup lancar krn diseimbangi banyak minum mudah mudahan berhasil"
Y***a,5,7 bulan lalu,CG,"barang cepet sampe, packing aman, khasiat blm tau blm dicoba kalo cocok bakal repeat order makasih gan"
Nigga,5,7 bulan lalu,CG,barang cepat sampai.. semoga cocok di pakainya n ada perkembangan
Muhammad,5,7 bulan lalu,CG,berlangganan
W***a,3,7 bulan lalu,CG,"bikin mules terus, yg udah ga ada eenya masih aja mules harus ngeluarin. ampe ambeien saya. jd berhenti minum"
Daffa,5,7 bulan lalu,CG,"semoga, makasih..."
R***a,5,7 bulan lalu,CG,baru beli perdana... semoga berhasil melunturkan lemak2 ini. do'aken daku.. ps. makasi bonusnya kak.
saya,5,7 bulan lalu,CG,produknya bagus bisa menahan lapar dan setiap hari bisa mendetoks buang air besar dan kemasan botolnya premium terbaik di kelasnya
e *** y,5,7 bulan lalu,CG,barang sudah saya terima. penjual fast respon banget. bahan nya alami dan pastinya bisa mengusir lemak jahat di bahaya. next pasti order lagi disini. semangatttt
Ryan,5,7 bulan lalu,CG,semoga cocok dengan produknya
Kurniawan,5,7 bulan lalu,OR,"harga oke, produk oke"
Franky,5,7 bulan lalu,CG,selalu puas belanja disini!
Hai,5,7 bulan lalu,CG,sudah di coba...belum seminggu sudah turun bb 1kg
Stefani,5,7 bulan lalu,CG, karena emang mau langsing dan agak ngeri beli produk slimming lain..tp aku ud melakukan riset bahan herbilogy emg alami bs untuk lebih slimming..dan aku ud pk produk lainn...
Vindy,4,7 bulan lalu,CG,baru coba. jd blm tau hasilnya
Erwan,5,7 bulan lalu,CG,mantap
Heru,4,7 bulan lalu,CG,"barang sudah di terima, semoga cocok"
Winn,5,7 bulan lalu,CG,"pembelian yg ke 2x. bisa langsingnya, bisa sehatnya.. diajarin kalau mau langsing yg sehat itu tidak instan. dari segi harga sesuai kok dengan hasilnya"
Muhammad,5,8 bulan lalu,CG,pengiriman sangat cepat dan tepat waktu sehingga dapat digunakan untuk sehari-hari
Y***A,5,8 bulan lalu,CG,tengkyuuu.. dh lama g dpt surat cinta
S***l,5,8 bulan lalu,CG,"belum dicoba sih, semoga aman2 aja, masih nunggu ngedetox dulu 8 harian lagi"
Rinia,5,8 bulan lalu,CG,"pertamaa nyobain ini, kata sodara bagus cocok buat kita atur pola makan .. yuk ah bismillah tubuh ideal.."
Alvina,5,8 bulan lalu,OR,oke
ami,5,8 bulan lalu,CG,terimakasih dapat free chia seed
ay,5,8 bulan lalu,OR,semoga cocok
yane,5,8 bulan lalu,CG,bagus bab lancar nafsu makan bs ditekan uda masuk botol ke 2 lumayan turun 1 kg krn kmrn2 los makanan
Sial,5,8 bulan lalu,CG,"proses cepat, pengiriman cepat, packing pake kardus kecil. kalo lagi susah pup, minum ini bikin cepet pup ðŸ¤£"
R***A,5,8 bulan lalu,OR,barang sesuai pesanan
W***g,1,8 bulan lalu,OR,gak ngaruh
Agung,5,8 bulan lalu,OR,mantap langsung bab bertubi2
Wu,5,8 bulan lalu,CG,alhamdulillah berat badan turun setelah penggunaan herbilogi. semoga bisa ada diskon sehingga harga pembelian herbilogy bisa lebih terjangkau
Fajar,4,8 bulan lalu,OR,dicoba dlu nanti di review lagi klo ada hasilnya
Sukmawi,5,8 bulan lalu,OR,bagus
Ahmad,5,8 bulan lalu,CG,"alhamdulillah pesanan tepat waktu,insya allah cocok utk sy"
Adhiani,5,8 bulan lalu,CG,"udah pake ini sekitar 2-3bulan, konsumsinya juga ga rutin, jadi kalau pengurangan bb ga ada ngaruh sih. biasanya konsumsi ini karena bersalah abis makan banyak OR metabol..."
lebar,5,8 bulan lalu,CG,Terima kasih. paket mendarat dengan selamat. semoga cocok
Irene,5,8 bulan lalu,CG,"suka banget belanja di official store, packing nya extra rapi dan aman. pengemasan juga cepat. beli paket slimming buat berdua, dapet banyak bonus. terima kasih"
Samantha,5,8 bulan lalu,CG,"pengiriman cepat, packing rapi dan semoga cocok"
Muhammad,5,8 bulan lalu,CG,baru coba semoga hasilnya baik
SH,5,8 bulan lalu,CG,"diet aman dan nyaman, mantap!!"
C***a,5,8 bulan lalu,CG,untuk yg capsule blm minum bener. masih di laxa tea
Hylos,5,8 bulan lalu,CG,barang sangat bagus dan berkualitas
Dian,4,8 bulan lalu,CG,"baru pertama coba, mudah2n cocok di akuu.. pengiriman dan pengemasan aman.. terimakasih.."
Aku,5,8 bulan lalu,CG,jossss bangeettt deh ini
G***h,5,8 bulan lalu,CG,"pengiriman cepat, barang sampai tanpa kerusakan. semoga cocok buat di badan aku."
Tomas,5,8 bulan lalu,CG,"sudah terima tapi blm di coba,,,packing rapi,,,barangnya juga tersegel,,,ada buku panduan diet lagi,,trimakasih seller"
Anisa,5,8 bulan lalu,OR,baru dan cepat kirimnya
Edi,5,8 bulan lalu,CG,mantap sesuai pesanan
D***y,5,8 bulan lalu,CG,semoga ngefek
Susan,5,8 bulan lalu,CG,packing aman dan sampainya pun cepet. baru mau nyoba smga cocok. Terima kasih
Dody,bintang 5,10 bulan lalu,OR,barang asli belum terlihat perubahannya
titik,bintang 5,10 bulan lalu,OR,belum menikmati hasilnya
Abe,bintang 4,10 bulan lalu,OR,belum dicoba
Johan,bintang 5,10 bulan lalu,OR," efek kerasa sekitar 6jaman setelah konsumsi, di sy efek bakal bab trs, efek ini berlangsung slm 6jam jg, kalo dikonsumsi mlm sblm tidur pagi sampe sakit mules terus cuk..."
S *** y,bintang 5,10 bulan lalu,OR,pengemasan aman
L***r,bintang 5,10 bulan lalu,OR,"aku minum ini ga kerasa sakit perut melilit, tapi orang serumah yg minum berasa sakit perut. mana yg cocok ya kalau gejalanya beda gini, ga paham juga"
dimas,bintang 5,11 bulan lalu,OR,jadi rajin bab tiap pagi
Rocxye,bintang 5,11 bulan lalu,OR,"pengiriman cepat, harga sesuai,"
Adinda,bintang 3,11 bulan lalu,OR,maaf tapi di aku ga ada efeknya sama sekali
Novie,bintang 4,11 bulan lalu,OR,blm keliatan efeknya
Eli,bintang 4,11 bulan lalu,OR,belum di cobain sih mudahan cocok
Muhammad,bintang 3,11 bulan lalu,OR,kurang bagus sering ke bab aja sih selama seminggu ini
Xiska,bintang 4,11 bulan lalu,OR,belum terasa efeknya
Emilia,bintang 5,11 bulan lalu,OR,fast respon dan pengiriman nya
V***y,bintang 5,Lebih dari 1 tahun yang lalu,OR,barang sesuai. pengiriman cepat. respon baik
Tomy,bintang 5,Lebih dari 1 tahun yang lalu,OR,oke
Sialan,bintang 5,Lebih dari 1 tahun yang lalu,OR,nafsu makan agak kurang sih semoga bisa turun bb
Hana,bintang 3,Lebih dari 1 tahun yang lalu,OR,ga keliatan hasilnya.. deg2an berdebar2 parah. saya kurang cocok
onny,bintang 3,Lebih dari 1 tahun yang lalu,OR,ga keliatan hasilnya.. deg2an berdebar2 parah. saya kurang cocok
Sri,bintang 5,Lebih dari 1 tahun yang lalu,OR,pengiriman cepat
Nabilah,bintang 5,Lebih dari 1 tahun yang lalu,OR,2hari minum sehari 2kapsul pagi dan malam setelah makan karna punya asam lambung. setiap hari jadi buang bab
Nigga,bintang 4,Lebih dari 1 tahun yang lalu,OR,perubahan iklan blm.
sial,bintang 5,Lebih dari 1 tahun yang lalu,OR,aman dipakai
g***a,bintang 4,Lebih dari 1 tahun yang lalu,OR,abis 1 btol ga ngaruh sih
Persetan,bintang 4,Lebih dari 1 tahun yang lalu,OR,abis 1 btol ga ngaruh sih
Joko,bintang 4,Lebih dari 1 tahun yang lalu,OR,"segini dulu, masih nyoba, nunggu hasilnya."
Anggraeni,bintang 5,Lebih dari 1 tahun yang lalu,OR,cepet sampe nya
Persetan,bintang 5,Lebih dari 1 tahun yang lalu,OR,baru mau nyoba
Fitri,bintang 3,Lebih dari 1 tahun yang lalu,OR,setelah pakai 1 minggu ternyata kurang ngefek
ah,bintang 5,Lebih dari 1 tahun yang lalu,OR,baiklah
Ilmi,bintang 3,Lebih dari 1 tahun yang lalu,OR,yg melangsingkan ini kurang terasa khasiatnya
D***y,bintang 1,Lebih dari 1 tahun yang lalu,OR,packing jelek! tanpa bubble wrap dan lapisan lain! buruk!!!!
Z***a,bintang 3,Lebih dari 1 tahun yang lalu,OR,maaf kurang ngefek ditubuh saya
La,bintang 5,Lebih dari 1 tahun yang lalu,OR,"bantu lancarin bab, bantu nahan nafsu makan, gak bikin eneg/mual"
Dody,bintang 5,10 bulan lalu,OR,Barang original belum terlihat perubahannya
titik,bintang 5,10 bulan lalu,OR,belum menikmati hasilnya
Abe,bintang 4,10 bulan lalu,OR,belum dicoba
Johan,bintang 5,10 bulan lalu,OR,"Efek kerasa sekitar 6jaman setelah konsumsi, di sy efek bakal bab trs, efek ini berlangsung slm 6 jaman jg, Kalo dikonsumsi mlm sblm tidur pagi sampe sore mules terus cuk... "
S***y,bintang 5,10 bulan lalu,OR,packing aman
L***r,bintang 5,10 bulan lalu,OR,"aku minum ini ga kerasa sakit perut melilit, tapi orang serumah yg minum berasa sakit perut. mana yg cocok ya kalau gejala nya beda gini, ga paham juga"
dimas,bintang 5,11 bulan lalu,OR,jadi rajin BAB tiap pagi
Rocxye,bintang 5,11 bulan lalu,OR,"pengiriman cepat, harga sesuai,"
Adinda,bintang 3,11 bulan lalu,OR,Sorry tapi di aku ga ada efeknya sama sekali
Novie,bintang 4,11 bulan lalu,OR,Blm keliatan efeknya
Eli,bintang 4,11 bulan lalu,OR,Belum di cobain sih mudahan cocok
Muhammad,bintang 3,11 bulan lalu,OR,kurang bagus sering ke bab aja sih selama seminggu ini
Xiska,bintang 4,11 bulan lalu,OR,belum terasa efeknya
Emilia,bintang 5,11 bulan lalu,OR,fast response dan shipping nya
V***y,bintang 5,Lebih dari 1 tahun lalu,OR,barang sesuai. pengiriman cepat. respon baik
Tomy,bintang 5,Lebih dari 1 tahun lalu,OR,Oke
F***i,bintang 5,Lebih dari 1 tahun lalu,OR,nafsu makan agak kurang si semoga bisa turun bb
Hanna,bintang 3,Lebih dari 1 tahun lalu,OR,ga keliatan hasilnya.. deg2an berdebar2 parah. saya kurang cocok
onny,bintang 3,Lebih dari 1 tahun lalu,OR,ga keliatan hasilnya.. deg2an berdebar2 parah. saya kurang cocok
Sri,bintang 5,Lebih dari 1 tahun lalu,OR,pengiriman cepat
Nabilah,bintang 5,Lebih dari 1 tahun lalu,OR,2hari minum sehari 2kapsul pagi dan malam setelah makan karna punya asam lambung. Setiap hari jadi buang BAB
N***a,bintang 4,Lebih dari 1 tahun lalu,OR,blm ad perubahan.
r***t,bintang 5,Lebih dari 1 tahun lalu,OR,aman dipakai
g***a,bintang 4,Lebih dari 1 tahun lalu,OR,abis 1 btol ga ngaruh sih
D***a,bintang 4,Lebih dari 1 tahun lalu,OR,abis 1 btol ga ngaruh sih
Joko,bintang 4,Lebih dari 1 tahun lalu,OR,"Segini dulu, masih nyoba, tunggu hasilnya."
Anggraeni,bintang 5,Lebih dari 1 tahun lalu,OR,cepet sampe nya
D***a,bintang 5,Lebih dari 1 tahun lalu,OR,Baru mau nyoba
Fitri,bintang 3,Lebih dari 1 tahun lalu,OR,setelah pakai 1 minggu ternyata kurang ngefek ðŸ˜¢
a***h,bintang 5,Lebih dari 1 tahun lalu,OR,Okaaayy
Ilmi,bintang 3,Lebih dari 1 tahun lalu,OR,yg slimming ini kurang terasa khasiatnya
D***y,bintang 1,Lebih dari 1 tahun lalu,OR,packing jelek! tanpa bubble wrap dan lapisan lain! bad!!!!
Z***a,bintang 3,Lebih dari 1 tahun lalu,OR,maaf kurang ngefek ditubuh saya
L***a,bintang 5,Lebih dari 1 tahun lalu,OR,"bantu lancarin bab, bantu nahan nafsu makan, gak bikin eneg/mual"
Ani,bintang 5,Lebih dari 1 tahun lalu,OR,pesanan nya cepet sampe dan barangnya bagus
Lestari,bintang 3,Lebih dari 1 tahun lalu,OR,belum nyoba...jadi kasih bintang 3 dulu
Yuliana,bintang 3,Lebih dari 1 tahun lalu,OR,kurang efektif
Emelya,bintang 5,Lebih dari 1 tahun lalu,OR,terima kasih
F***i,bintang 5,Lebih dari 1 tahun lalu,OR,Baik
M***a,bintang 5,Lebih dari 1 tahun lalu,OR,Pengiriman cepat
Michael,bintang 5,Lebih dari 1 tahun lalu,OR,respon seller cepat
Ika,bintang 3,Lebih dari 1 tahun lalu,OR,"pengirimannya lumayan lama, 3 hari baru diambil ekspedisi, belum coba mengkonsumsi, jd bintang 3 dulu ya..
trimsðŸ˜"
e***a,bintang 5,Lebih dari 1 tahun lalu,OR,moga bnr2 berkhasiat
irma,bintang 5,Lebih dari 1 tahun lalu,OR,"packing rapih, barang mendarat sesuai pesanan."
Etty,bintang 5,Lebih dari 1 tahun lalu,OR,terimakasih obat nya sudah saya terima
Nita,bintang 5,Lebih dari 1 tahun lalu,OR,good
U***t,bintang 5,Lebih dari 1 tahun lalu,OR,Ok
F***r,bintang 5,Lebih dari 1 tahun lalu,OR,mantap lsg mules
A***a,bintang 5,Lebih dari 1 tahun lalu,OR,mantul sis
W***k,bintang 5,Lebih dari 1 tahun lalu,OR,Pengiriman cepat
Billy,bintang 5,Lebih dari 1 tahun lalu,OR,Pengiriman cepat
Y***k,bintang 5,Lebih dari 1 tahun lalu,OR,terimakasih
Efan,bintang 5,Lebih dari 1 tahun lalu,OR,sesuai deskripsi. packing aman dgn dus+b.wrap.
Maya,bintang 5,Lebih dari 1 tahun lalu,OR,"adminnya ramah, dicoba nanti setelah haid ya"
l***a,bintang 5,Lebih dari 1 tahun lalu,OR,pengirimannya cepat dan aman
Yessy,bintang 2,Lebih dari 1 tahun lalu,OR,"Ga ngaruh.. Udh dibantu olahraga & diet, ga turun se-ons-pun."
p***a,bintang 4,Lebih dari 1 tahun lalu,OR,belum kelihatan mules2 nya
Githa,bintang 4,Lebih dari 1 tahun lalu,OR,"respon penjual ramah..
produk baik..
harga baik..
pengiriman cepat..
hanya lama di dropship dan tempat sortir nya aja.."
Achmad,bintang 5,Lebih dari 1 tahun lalu,OR,"pait, saya kira obatnya manis mirip permen"
h***i,bintang 4,Lebih dari 1 tahun lalu,OR,baru mau coba
M***d,bintang 5,Lebih dari 1 tahun lalu,OR,fast respon
N***r,bintang 5,Lebih dari 1 tahun lalu,OR,tepat waktu n kemasan ok
A***d,bintang 1,Lebih dari 1 tahun lalu,OR,"sudah beberapa hari minum bukan BAB lancar, malah sebaliknya. kata seller karna herbal jadi lama prosesnya."
Alvy,bintang 5,Lebih dari 1 tahun lalu,OR,pelayanan oke
V***a,bintang 5,Lebih dari 1 tahun lalu,OR,fast response 
Mamta,bintang 5,Lebih dari 1 tahun lalu,OR,pengiriman cepat sesuai pesenan
saputra,bintang 5,Lebih dari 1 tahun lalu,OR,pengiriman cepat sesuai pesenan
Syahrul,bintang 5,Lebih dari 1 tahun lalu,OR,Barang baik sesuai deskripsi
R***a,bintang 2,Lebih dari 1 tahun lalu,OR,"maaf point saya kurangi, karena seller janji memproses dan mengirim barang di tanggal 27 dec tapi barang baru dikirim tanggal 30. kalau memang tdk ada pengiriman selama l... "
Dwi,bintang 2,Lebih dari 1 tahun lalu,OR,gak ngaruh sdh habis 1 botol
C***a,bintang 4,Lebih dari 1 tahun lalu,OR,"sepertinya lebih baik yang laxa tea, kalau saya pribadi tidak terasa perbedaan apa apa setelah 1 bulan"
E***a,bintang 4,Lebih dari 1 tahun lalu,OR,baru mau coba 
Ahmad,bintang 5,Lebih dari 1 tahun lalu,OR,ga ada reaksi 
P***i,bintang 3,Lebih dari 1 tahun lalu,OR,"pengirimannya cepat, cuma yang saya rasa setelah 2 minggu pemakaian ga ada perubahan malah jadi susah bab"
Endang,bintang 4,Lebih dari 1 tahun lalu,OR,pengiriman agak lama
k***i,bintang 3,Lebih dari 1 tahun lalu,OR,"meluncur dengan aman, tapi udah minum 1 botol tapi berat badan engga turun sama sekaliðŸ˜”"
D***i,bintang 5,Lebih dari 1 tahun lalu,OR,blm tau manjur ga. br mau coba. tp barang sdh diterima dg baik. proses ckp cepat
J***e,bintang 5,Lebih dari 1 tahun lalu,OR,Respon penjual cpt dan pengirimannya cpt. Produk asli
yuni,bintang 5,Lebih dari 1 tahun lalu,OR,sesuai pesanan terimakasih 
Eldyanrf,bintang 5,Lebih dari 1 tahun lalu,OR,baru mau coba
putri,bintang 4,Lebih dari 1 tahun lalu,OR,kok gak ad ngefek ya obatnya
a***a,bintang 5,Lebih dari 1 tahun lalu,OR,"pembelian kedua, sejauh ini memperlanjar bab tapi nafsu makan masih ada ga berkurang. lalu kalo kurang minum bibir terasa kering pecah pecah"
C***n,bintang 5,Lebih dari 1 tahun lalu,OR,Barang sdh diterima semoga berfungsi sesuai deskripsi nya
r***o,bintang 4,Lebih dari 1 tahun lalu,OR,bkin mules cuy
A***a,bintang 5,Lebih dari 1 tahun lalu,OR,Produk sangat baik dan sesuai deskripsi
F***l,bintang 5,Lebih dari 1 tahun lalu,OR,Oke
Robertus,bintang 5,Lebih dari 1 tahun lalu,OR,"Di packing dengan baik,  tapi kurang wraping plastik jadi basah saat di hantar karena kondisi hujan. "
bozz,bintang 4,Lebih dari 1 tahun lalu,OR,Ngga ngaruh sih ke saya
A***a,bintang 5,Lebih dari 1 tahun lalu,OR,Blm ada reaksi sih
E***i,bintang 4,Lebih dari 1 tahun lalu,OR,"setelah seminggu konsumsi, bb gak nambah sih dan gak turun drastis juga, ini lebih cocok untuk maintain berat badan daripada ngurusin badan"
Annisa,bintang 5,Lebih dari 1 tahun lalu,OR,Paket datang dalam kondisi baik dan cepat. belum bisa coba karena pas paket dateng passss banget aku hari pertama haid hihi. Dan katanya belum boleh minum kalo lagi haid.... 
E***s,bintang 5,Lebih dari 1 tahun lalu,OR,Barang sesuai deskripsi thx
Shereen,bintang 5,Lebih dari 1 tahun lalu,OR,"Seller responsive, orderan sesuai dan kondisi barang jg baik"
Septian,bintang 3,Lebih dari 1 tahun lalu,OR,kurang berkhasiat
aulia,bintang 3,Lebih dari 1 tahun lalu,OR,"Product quality wise is ok, tapi pelayanan lelet bayar tanggal 15 dikirim tanggal 17"
I***g,bintang 5,Lebih dari 1 tahun lalu,OR,Delivery cepat. Barang sesuai thank Gan.
R***a,bintang 1,Lebih dari 1 tahun lalu,OR,produk yg dikirim tdk sesuai pesanan respond seller lambat
aprilia,bintang 5,Lebih dari 1 tahun lalu,OR,Kita tunggu sebulan ke depan
A***o,bintang 5,10 bulan lalu,CG,"ori, smoga ngefek positif"
S***h,bintang 5,10 bulan lalu,CG,"Buat Obat ini gimana ya awal pemakaian bikin sering makan tapi dikit, dan gatau kenapa ya abis minum ini, kerasa susah buang air besar, kemungkinan nutrisi nya kurang dan... "
Rani,bintang 5,10 bulan lalu,CG,"Cukup puas dg obatnya, bikin lancar BAB jd bdn lbh enteng"
MUTIAH,bintang 5,10 bulan lalu,CG,dapat bonus healthy skin supplement terima kasih Herbilogy
L***n,bintang 5,10 bulan lalu,CG,Barang cepat sampai. Harga terjamgkau dan exp masih lama. Semoga bisa membantu diet dan bikin semangat hidup sehat â™¡
H***r,bintang 5,10 bulan lalu,CG,"pengirimannya cepet..
begitu dateng langsung di minum
smoga cepet turun bb nya"
n***a,bintang 5,10 bulan lalu,CG,mantapppp..bakalan order lagii.. emng bener sih bisa bantu nurunin bb
S***i,bintang 5,10 bulan lalu,CG,"kualitas produk sangat bagus, saya minum 2x sehari Alhamdulillah bab lancar tanpa mules berlebih. memang frekunsi bak lbh sangat sering krn byk minum

thanks herbilogy"
Lestari,bintang 5,10 bulan lalu,CG,Orderan botol ke 2 
Lenny,bintang 5,10 bulan lalu,CG,"Respon sellernyaðŸ‘ðŸ‘
Makasih yaðŸ™ðŸ˜Š"
Fitri,bintang 5,10 bulan lalu,CG,"packing rapi , cepat sampai ,baru kasih ulasan , udah order yg ketiga kali"
N***a,bintang 5,10 bulan lalu,CG,Wooowww dapet 2 gift dr pembelian ini. Tengkyuuuw yaa seller
Maria,bintang 5,10 bulan lalu,CG,packing ok... harga ok.... produk ori...
agnes,bintang 4,10 bulan lalu,CG,Semoga bermanfaat. Terimakasih
D***i,bintang 5,10 bulan lalu,CG,"kemasan rapih, aman. blm d coba smg cocok n bisa turun BB"
M***d,bintang 5,10 bulan lalu,CG,Barang sampe dengan aman. .semoga cocok
Edi,bintang 5,10 bulan lalu,CG,sampai dengan selamat
L***h,bintang 5,10 bulan lalu,CG,"Mudah""an bs mencapai target yg di inginkan...makasih kk"
Widya,bintang 5,10 bulan lalu,CG,terima kasih bonusnya
A***a,bintang 5,10 bulan lalu,CG,udah pembelian kedua.. lumayan buat lancarin bab âœ¨
R***a,bintang 5,10 bulan lalu,CG,makasih bonusnya ya kak
afmarseilla,bintang 5,10 bulan lalu,CG,lumayan nih dapet cashback dapet voucher dapet free product juga
Anis,bintang 5,10 bulan lalu,CG,pengiriman memuaskan pokoknya
Dwi,bintang 5,10 bulan lalu,CG,"mantul ni, BAB jadi lancar, gak bikin mules"
Muhammad,bintang 5,10 bulan lalu,CG,"Pengiriman cepat, produk original"
Asih,bintang 5,10 bulan lalu,CG,"Alhamdulillah barang sdh sampai , seneng banget penjual ya sangat sangat baik, kita tanya apa selalu di jawab dan di bantu, puas bgt poko ya utk poduk jga baik bagus k... "
Eva,bintang 5,10 bulan lalu,CG,"Alhamdulillah sdh sampai, semoga cocok, sy pakai yg untuk keputihan Alhamdulillah hasilnya @Mantap jiwa"
A***a,bintang 5,10 bulan lalu,CG,Maaf baru ngasih komen.. Krn kmrn awalnya aku cuma beli slimming tea dan sling capsul.. Tpi konsul dg admin nya klo mau detox minum laxa nya dulu.. Jadilah aku order laxa... 
Elma,bintang 5,11 bulan lalu,CG,"Setelah coba 1minggu lebih efek di aku lancar BAB, sehari bisa 2/3 kali,biasanya kalo diet tanpa konsumsi Herbilogy jadi agak jarang BAB bisa 3/4hari baru BAB & itu j... "
S***i,bintang 5,11 bulan lalu,CG,"paket nya sampai dengan aman dan cepat respon penjual juga cepat,, baru mau coba pakai produk ini semoga cocok"
Abdu,bintang 5,11 bulan lalu,CG,"datengnya cepet banget, dan entah ke berapa kali beli dari herbilogy. so far so good, semoga makin sukses."
Rafi,bintang 5,11 bulan lalu,CG,melancarkan bab dan membuat badan lebih ringan
R***r,bintang 5,11 bulan lalu,CG,"seminggu setelah pemakaian (pagi slimming tea, malam slimming capsule). awal BB 54,6 jdi 53,3 nimbang di wktu yg sama"
Rachmat,bintang 5,11 bulan lalu,CG,"Bismillah, barang sudah sampai semoga bermanfaat dan bisa diet turunin berat badan aamiin"
assa,bintang 5,11 bulan lalu,CG,ngaruh ini.. bakal beli lagi sih
O***i,bintang 5,11 bulan lalu,CG,alhamdulillah sudah turun 3kg
Citra,bintang 5,11 bulan lalu,CG,"terima kasih, barang nya cepet sampai, semoga bermanfaat."
Marsiti,bintang 5,11 bulan lalu,CG,Firs aku suka banget pengirimanya cepat banget cuma 3 hari sampai Banyuwangi dengan aman selamat segel utuh tak tergores sedikitpun. Aku masih coba sekitar semingguan aku... 
Lestary,bintang 5,11 bulan lalu,CG,"Diminum malah hari setelah makan malam. Pagi harinya bab jadi lancar. Bisa  dibuat langganan nih, terima kasih Herbilogy"
Dian,bintang 5,11 bulan lalu,CG,Sudah smpi ya.. semoga cocok biar berlangganan dsni ramah bismillah
A***i,bintang 5,11 bulan lalu,CG,Baru dikonsumsi 1 hari blm tau hasilnya nanti di update lg
F***n,bintang 5,11 bulan lalu,CG,ok
A***i,bintang 5,11 bulan lalu,CG,ok
Nita,bintang 5,11 bulan lalu,CG,"pembelian ketiga kalinya, mantap pokonya."
T***4,bintang 5,11 bulan lalu,CG,"Best banget ini efeknya ðŸ‘ðŸ» udah repeat botol ke3, buat gw sih beneran bagus ya buat melancarkan dan ga pake mulesâ€.. 
Minumnya ga rutinâ€ banget, kalo pas berasa ga enak... "
y***i,bintang 5,11 bulan lalu,CG,baru coba smg cocok....pengepakan aman dan rapi...kurir joss
Syahidah,bintang 5,11 bulan lalu,CG,bismillah semoga cocok yaa nanti dikonsumsi sama aku.. lagi program hidup sehat
Novi,bintang 5,11 bulan lalu,CG,"scr overall sgt memuaskan spt sebelum2nya, produk masih berhasil memperlancar pencernaan sy"
Sri,bintang 5,11 bulan lalu,CG,Dicoba dulu kalau nanti sudah ada perubahan siap order lagi.
D***i,bintang 5,11 bulan lalu,CG,paket aman da nympek..
Nurita,bintang 5,11 bulan lalu,CG,"belum pernah pakai ini sebenrnya, tp ada review teman yg rutin konsumsi beberapa bulan dan alhamdulillah ada efek BB nya turun.. jadi pengen coba, semoga cocok..
krn suda... "
r***i,bintang 5,11 bulan lalu,CG,semoga yg disemogakan tersemogakan
Stephani,bintang 4,11 bulan lalu,CG,blm tau khasiatnya.wish me luck ! tks sellee
R***l,bintang 5,11 bulan lalu,CG,"mntapp
 brg ssuai gmbr!!
recomend seller"
D***a,bintang 5,11 bulan lalu,CG,"gasken beli, blm coba sih tp mnrtku ini yg paling ga ribet"
Muhammad,bintang 5,11 bulan lalu,CG,puas
Armando,bintang 5,11 bulan lalu,CG,packing good Dan khasiatnya mungkin dicek sampai habis obatnya
a***p,bintang 5,11 bulan lalu,CG,"Blm di coba packing bgus, semoga berekasi dengan baik"
citra,bintang 5,11 bulan lalu,CG,"belum dicoba, tapi semoga berhasil menurunkan berat badannya"
Andika,bintang 5,11 bulan lalu,CG,"Slimming Capsuke Herbilogy mantap banget, praktis, efeknya sangat terasa. Pencernaan lancar tanpa mulas berlebih, tubuh tambah segar pastinya. Selain itu dapat banyak bon... "
F***a,bintang 5,11 bulan lalu,CG,"Repurchase buat booster ðŸ˜…
Sukak pokoknya produk2nya herbilogy,"
Atika,bintang 5,11 bulan lalu,CG,belom di coba semoga cocok
M***h,bintang 5,11 bulan lalu,CG,"Pengiriman cepat, semoga cocok"
Ajeng,bintang 5,11 bulan lalu,CG,thanks kak banyak dikasih hadiahnya heheh
R***a,bintang 5,11 bulan lalu,CG,kemasan kirim yang rapi dan terima kasih bonus tambahan ya kak
T***t,bintang 5,11 bulan lalu,CG,"lebih mudah untuk diminum karna bentuk kapsul, dan semoga berefek"
J***e,bintang 5,11 bulan lalu,CG,Selalu dapat bonus ya tiap kali pesan. Udah langgangan Herbilogy krn gak berani pakai yg chemical2. Pengiriman selalu cepat & rapi. Thank you
Enita,bintang 5,11 bulan lalu,CG,semoga membantu sy yg berat 62 tinggi 160 cm
Edi,bintang 5,11 bulan lalu,CG,"terimakasih, sudah samapai dan sesuai"
santi,bintang 5,11 bulan lalu,CG,kualitas sangat bagus ga ad efek samping melancarakan BAB
Azwar,bintang 5,11 bulan lalu,CG,"Packingan nya rapi , cepat sampai orderannya"
Zuhfa,bintang 5,12 bulan lalu,CG,"makasih ya min barang diterima dengan baik, semoga besok bisa order lagi"
Sayyidah,bintang 5,12 bulan lalu,CG,"pesanan sesuai bagus oke pengiriman cepat aman rapih dan suka dgn kualitas nya bagus .
Pelayanan bagus dan puas belanja disini .
thnks ya saller. 

Beli di official store... "
D***a,bintang 5,12 bulan lalu,CG,bagussss banget alhamdulillah bisa turun 5kg
L***n,bintang 5,12 bulan lalu,CG,"Sudah langganan berkali-kali order disini. Setelah minum B*B jadi sangat lancar. Berat jadi lebih turun, walau makan banyak tetap rutin B*B. Selalu repeat orderðŸ‘ðŸ‘ðŸ‘

Ha... "
A***o,bintang 5,12 bulan lalu,CG,good product as always. thanks for the bonus.
Anna,bintang 5,Lebih dari 1 tahun lalu,CG,"paket sudah tiba semoga cocok 
trimakasih recalled dan tokopedia"
Abi,bintang 5,Lebih dari 1 tahun lalu,CG,"Barang sudah sampai dalam keadaan baik dan kecepatan pengiriman cepat.
Semoga aja cocok buat saya dan membantu mengurangi kadar lemak di tubuh."
Latifa,bintang 5,Lebih dari 1 tahun lalu,CG,uda 2 kali order.. insya Allah ngepek.. amin
Reno,bintang 5,Lebih dari 1 tahun lalu,CG,pencernaan lancar hehe makasih ya
Mellisa,bintang 5,Lebih dari 1 tahun lalu,CG,"Baru coba, semoga manjur"
A***a,bintang 5,Lebih dari 1 tahun lalu,CG,"Terimakasih seller untuk free giftnya, so far nyaman banget konsumsi herbilogy slimming, sudah repurchase ke 3x
Pencernaan lancar, bb turun perlahan2 walau olga mulai ngg... "
Evy,bintang 5,Lebih dari 1 tahun lalu,CG,beli 2 slimming capsule ternyata dpt gratisan madu uray 30g. dan kesempatan utk dpt potongan buat pembelian berikut s/d akhir february.. semoga bisa kepake!! btw dia aman... 
Lidya,bintang 5,Lebih dari 1 tahun lalu,CG,ok baru mau coba.. smoga bermanfaat..
Dyla,bintang 5,Lebih dari 1 tahun lalu,CG,"baru pertama kali mencoba semoga bisa membantu bab saya agar lancarrr, terimakasih seller pengemasan juga sangat aman."
Izza,bintang 5,Lebih dari 1 tahun lalu,CG,"aku baru minum 2 hari, cukup membantu untuk pencernaan, aku ngerasa kandungan inj cukup aman di banding pil2 produk lain, mulesnya alami aja, aku barengin dengan defisit... "
Willy,bintang 5,Lebih dari 1 tahun lalu,CG,Pengiriman cepat dan rapi
L***a,bintang 5,Lebih dari 1 tahun lalu,CG,"minum shari kadang 1x kadang 2x, BAB jd lancar. utk BB blm turun sih"
N***s,bintang 5,Lebih dari 1 tahun lalu,CG,"Baru 2x minum sih, efek mulesnya ga yg berlebihan gitu.."
Dian,bintang 4,Lebih dari 1 tahun lalu,CG,Agak ngefek di saya ðŸ˜…
N***a,bintang 5,Lebih dari 1 tahun lalu,CG,"paket dikemas rapih, aman sampai tujuan. blm dicoba, semoga hslnya ok"
F***n,bintang 5,Lebih dari 1 tahun lalu,CG,semangat para pejuang diet gengs...
G***i,bintang 5,Lebih dari 1 tahun lalu,CG,"ini pembelian kedua. pertama si ******* krna cocok nyoba di tokped trnyata lebih murah. cocok, udh turun 3 kg hmpir 2 bln, dibarengi olahraga..cuma untuk defisit kalori b... "
Mirzhas,bintang 5,Lebih dari 1 tahun lalu,CG,"Suka semua produk Herbiology â€¦

Pertama kalian dan Produk sliming berefek bgt.. bb turun perlahan tapi pasti .. ini mau pembelian ke 2 .. ditunggu promo2nya kak yeahâ€¦

Te... "
R***a,bintang 5,Lebih dari 1 tahun lalu,CG,"paket nya aman, pengiriman 2hr, produknya jg oke. thx"
Juniarti,bintang 5,Lebih dari 1 tahun lalu,CG,"Ampuh banget, baru minum 2 kali kemarin tp udah berasa enakan badan, metabolisme langsung lancar.
Kemasannya juga bagus buat jadi hampers kasih ke bos. Sip bakal langgana... "
ayu,bintang 5,Lebih dari 1 tahun lalu,CG,"pakai sudah sebulan,belum turun signifikan sih. tp nafsu makan berasa berkurang drpd sebelum minum ini"
Firli,bintang 5,Lebih dari 1 tahun lalu,CG,"sebenernya di aku ga nurunin BB ampe maksimal, lebih karena aku jarang olahraga, dan makannya ga teratur. tapi utk bab, lancar jayaaaâ€¦ perut ga begah, ga bikin mules ampe... "
Novia,bintang 5,Lebih dari 1 tahun lalu,CG,lancar bab makasihh
S***p,bintang 5,Lebih dari 1 tahun lalu,CG,"proses cepat, pengiriman cepat. Makasih"
Y***r,bintang 5,Lebih dari 1 tahun lalu,CG,"Pengiriman cepat, pecking aman. Untuk khasiat nya blm tau karna blm dicoba. Semoga  ngefek di aku"
budiman,bintang 5,Lebih dari 1 tahun lalu,CG,tanpa efek samping ga buat deg degan ga buat susah tidur tapi bs nahan nafsu makan jd ga ngemil2
fery,bintang 5,Lebih dari 1 tahun lalu,CG,Barang sesuaiâ€¦dicoba dl semoga cocoks
a***s,bintang 5,Lebih dari 1 tahun lalu,CG,Terbaik!
Dorkas,bintang 5,Lebih dari 1 tahun lalu,CG,"barang sudah terima, blm dicoba, kalo cocok beli lagi"
L***y,bintang 5,Lebih dari 1 tahun lalu,CG,"baru pake 2 hari, BAB lancar, nafsu makan juga menurun drastis. Semoga bisa turun 5 kg bulan ini, amin."
Wiwi,bintang 5,Lebih dari 1 tahun lalu,CG,bagus herbalnya...sudah langganan
budiman,bintang 5,Lebih dari 1 tahun lalu,CG,mantap banget ud coba 2 minggu turun 1kg BAB lancar ga bikin degdegn moga bs turun lagi
s***i,bintang 4,Lebih dari 1 tahun lalu,CG,"pembelian ke 3, sesuka ituhhhh"
Amandia,bintang 5,Lebih dari 1 tahun lalu,CG,"Selain packingnya aman dan terbungkus dg baik, this my repeat purchase. Beli ini krn pencernaan itu sulit bgt (bisa kali gak BAB dalam waktu 1-2 minggu).

sehatnya emg ru... "
Y***f,bintang 5,Lebih dari 1 tahun lalu,CG,I LOVE THIS
Sulistyawati,bintang 5,Lebih dari 1 tahun lalu,CG,semoga cocok
hyena,bintang 5,Lebih dari 1 tahun lalu,CG,"baru coba, semoga beneran bisa kurus ðŸ˜Š ntar tak update lagi ðŸ˜€"
P***a,bintang 5,Lebih dari 1 tahun lalu,CG,"Baru bisa kasih review sekarang,karena mau liat dulu obatnya berhasil apa tidak sama saya,sy minum slimming pilnya di kombinasi dengan slimming tea,selama pemakaian semin... "
Muhammad,bintang 5,Lebih dari 1 tahun lalu,CG,OK
C***a,bintang 4,Lebih dari 1 tahun lalu,CG,"Pengiriman cepat.
Pembelian ke 2 dgn produk yg sama.
Pengemasan kurang aman, karna dr packing dus, dlm lgsg barang (tdk dibungkus plastik/lainnya)

Review produk : teh &a... "
Fitri,bintang 5,Lebih dari 1 tahun lalu,CG,"setelah beberapa hari minum ini, aku suka bgt karna bener2 bisa melancarkan bab tanpa bikin perut mules yg sakit bgt ga kayak brand lain. Selama minum herbilogy ini juga... "
Y***e,bintang 5,Lebih dari 1 tahun lalu,CG,Semoga membantu proses penurunan BB ku. ðŸ™
Tania,bintang 5,Lebih dari 1 tahun lalu,CG,"terima kasih, proses cepat dan dapat bonus yg saya suka"
Dian,bintang 5,Lebih dari 1 tahun lalu,CG,"terima kasih, proses cepat dan dapat bonus yg saya suka"
N***a,bintang 5,Lebih dari 1 tahun lalu,CG,"sudah minum 2 minggu lebih dan enak banget di perut, bab lancar juga tapi ngak bikin mules parah. mantapp"
eline,bintang 4,Lebih dari 1 tahun lalu,CG,tq yaa barang sudah sampai dengan baik ðŸ™ðŸ™
Y***i,bintang 5,Lebih dari 1 tahun lalu,CG,baru pertama mau coba. semoga hasilnya sesuai ekspektasi. nanti kalo cocok pasti repeat order Lagi. dan kasi review
A***a,bintang 5,Lebih dari 1 tahun lalu,CG,Repurchase ke2 ðŸ˜† Terimakasih yaa seller
Nidiea,bintang 5,Lebih dari 1 tahun lalu,CG,"udah ke sekian kali order di herbilogy, kerasa banget manfaatnya. Walaupun ngga terlalu banyak turun kiloan, tapi badan terasa enteng."
m***a,bintang 4,Lebih dari 1 tahun lalu,CG,belum di coba sih.. semoga bermanfaat
F***a,bintang 5,Lebih dari 1 tahun lalu,CG,"BAB jadi lancar banget, untuk mengurangi BB nya belom kelihatan sih tp semoga bisa turunin BB"
B***n,bintang 5,Lebih dari 1 tahun lalu,CG,Barang sudah sampai dan sesuai dengan deskripsi... Thanks
L***o,bintang 5,Lebih dari 1 tahun lalu,CG,"pengiriman cepat, kmrn order ,hari ini sampai .top HerbilogyðŸ‘, kyknya kudu beli teh nya juga biar hasil maksimal,.. terimakasih Herbilogy dan tokped..recomended  dan pua... "
S***m,bintang 5,Lebih dari 1 tahun lalu,CG,"Pengemasannya rapi, pengiriman juga cepat. Seller baik banget dikasih gift, thanks seller"
Adi,bintang 5,Lebih dari 1 tahun lalu,CG,sejauh ini konsumsi supaya bisa lancar BAB. Dan ternyata produk oke. ðŸ‘
IsnaMarliana,bintang 5,Lebih dari 1 tahun lalu,CG,"Pengiriman cepet banget, baru mau nyoba semoga berhasil nurunin BB aku ya.. Dikasih bonus juga suplemen buat kulitnya. Thanks yaaâ¤ï¸"
Surya,bintang 5,Lebih dari 1 tahun lalu,CG,semoga cocok
Y***a,bintang 5,Lebih dari 1 tahun lalu,CG,"Selalu puas belanja di Herbilogy, udah terjamin produk2nya dan quality nya. Produk2 nya ga ada yg mengecewakan, spt extract green coffee, pome extract dll udah lgsg auto... "
I***a,bintang 5,Lebih dari 1 tahun lalu,CG,"Gokil sih pesen pagi sorenya udah sampe (padahal bukan pakai instan kurir) dpt bonus juga, thanks!"
Suryani,bintang 5,Lebih dari 1 tahun lalu,CG,baru coba minun sekali dan langsung ngefek ke perut hehe
Indra,bintang 5,Lebih dari 1 tahun lalu,CG,Barang bagus..sdh makan 4 tablet dan terasa manfaatnya..Pengiriman agak lama krn kurirnya..Thanks..
meidiana,bintang 5,Lebih dari 1 tahun lalu,CG,"produknya bikin BAB lancar banget tanpa mules/ kayak diare yang gimana gitu, rasanya jg ga yg aneh pait. seneng diproses cepet banget terus dapet bonus dan ada buku pandu... "
Faradina,bintang 5,Lebih dari 1 tahun lalu,CG,"bbrp hari nyoba ini, yg saya rasain itu peningkatan metabolisme dan sedikit menahan nafsu makan. sejak pindahan makan ga teratur, dan susah banget buat keluar keringat. u... "
Nur,bintang 5,Lebih dari 1 tahun lalu,CG,barangnya sampe 3 hari yg lalu. reviewnya sekarang krn mau coba 3 hari dulu. minum ini bukan buat turunin berat tp biar bab nya lancar krn aku bab bisa 2-4 harj sekali. p... 
Muhammad,bintang 5,Lebih dari 1 tahun lalu,CG,semoga cocok
L***a,bintang 5,Lebih dari 1 tahun lalu,CG,Sy cocok banget minum feminine health. Dari awal kb gak pernah haid. Tiba coba feminine health eh langsung haid. Makasih herbilogy
Annisaa,bintang 5,Lebih dari 1 tahun lalu,CG,"pengiriman cepat
barang sesuai deskripsi"
Mega,bintang 5,Lebih dari 1 tahun lalu,CG,Respon baik dan cepat .. pengemasan oke .. pengiriman tepat waktu .. kualitas barang baik .. expired lama .. semoga bermanfaat bagi tubuh dan tanpa efek samping yang buru... 
J***l,bintang 5,Lebih dari 1 tahun lalu,CG,"sengaja lama kasi review, karna mau tau efeknya.. awal beli langsung minum 2x sehari selama 2 hari, dan gatau kalo ini tu ga boleh diminum saat haid, bgitu tau langsung s... "
ameliamaulidah,bintang 5,Lebih dari 1 tahun lalu,CG,entah sudah berapa botol yg udah di buang...aq selalu stock herbilogy untuk menjaga kesehatan ku...sllu setia dgn herbilogy....
ameliamaulidah,bintang 5,Lebih dari 1 tahun lalu,CG,selalu pakai herbilogy untuk jaga kesehatan ku....sudah pakai produk herbilogy dri beberapa bulan yg lalu..selalu stock sebelum kehabisan...
A***i,bintang 5,Lebih dari 1 tahun lalu,CG,"Cepet bgt nyampenya.
Cmn coba coba aja.
Pesimis, krn dah banyak suplemen diet dg isi serupa, yg gk Ngefek.
Surprisingly, Ngefek.
Entah ya, like magic I think.
Combined Dg... "
Shinta,bintang 4,Lebih dari 1 tahun lalu,CG,"Baru pertama coba, minum malam paginya mules lebih terasa. BAB yg aslinya sudah lancar jadi lebih lancar 2-3x balik dengan interval kurleb 15menit selebihnya nyaman2 aja... "
Meysha,bintang 5,Lebih dari 1 tahun lalu,CG,"Sudah sebulah diet dengan mengatur pola makan, olahraga dan dibantu suplemen ini. Alhamdulilah turun 5kg ðŸ‘ðŸ» suplemen ini lebih melancarkan pencernaan dengan kondisi yg... "
E***o,bintang 5,Lebih dari 1 tahun lalu,CG,semoga cocok
G***s,bintang 5,Lebih dari 1 tahun lalu,CG,"rutinitas pagi ku, ngeteh dengan laxa tea dari herbilogy tentunya, siang dan malam minum sliming cap dari herbilogy, gak langsung langsing tapi berasa banget manfaatnya k... "
M***a,bintang 4,Lebih dari 1 tahun lalu,CG,"dlu pernah beli konsumsi sehari satu 2 bulan pemakaian baru kerasa, makan satu karena takut terlalu over tp d anjurannya 2 sampai 3 krna saya gemuk. pas ini beli saya min... "
Ekaningsih,bintang 5,Lebih dari 1 tahun lalu,CG,"pembelian kedua, lumayan bkin BB ngga naik terus terusan"
iren,bintang 5,Lebih dari 1 tahun lalu,CG,"memang baru ngasi testimony, mo ngerasain efeknya dulu. 14 hr awal minum laxa tea , beneran baru kali ini nyoba mimum teh yg beneran ngefek. kerasa enteng bgt perutnya. g... "
D***n,bintang 5,Lebih dari 1 tahun lalu,CG,baru pembelian pertama semoga cocok
A***u,bintang 5,Lebih dari 1 tahun lalu,CG,"pembelian ke3, di ak gk segitu ngaruh ke BB, tapi lumayan buat pencernaan jadi pancar"
belfachocoina,bintang 5,Lebih dari 1 tahun lalu,CG,semoga ngefek
I***n,bintang 5,Lebih dari 1 tahun lalu,CG,"Happy bgt dikasih sample ini, jadi bisa nyobain dehh khasiatnya. Thanks!"
M***i,bintang 5,Lebih dari 1 tahun lalu,CG,semoga membantuðŸ˜
AFNI,bintang 5,Lebih dari 1 tahun lalu,CG,"Seminggu pertama minum slimming herbilogy sehari 2x1 kapsul, efek yg dirasain :
1. Bikin ngerasa haus, which is good buat aku yg jarang minum sekarang bisa ngabisin 1,5 l... "
Yuli,bintang 5,Lebih dari 1 tahun lalu,CG,paket sudah di terim...semoga cocok
Lestari,bintang 3,Lebih dari 1 tahun lalu,CG,belum nyoba...jadi kasih bintang 3 dulu
S***h,bintang 4,Lebih dari 1 tahun lalu,CG,langganan terus terimakasih
Mayor,bintang 5,Lebih dari 1 tahun lalu,CG,tks ya barang sdh sampai...semoga cocok dan membawa hasil
P***i,bintang 5,Lebih dari 1 tahun lalu,CG,"belum nimbang lagi, tapi berkat herbal ini BAB jd lancar
 

ditambah Yoga lingkar paha, tangan dan pinggang jd mengecil dengan cepat"
Fitri,bintang 5,Lebih dari 1 tahun lalu,CG,mdhÂ²an cocok dan bs repeat order
Masitha,bintang 5,Lebih dari 1 tahun lalu,CG,"baru dtg kemarin, dan dicoba kemarin. so far, efeknya sering buar air kecil"
Wendy,bintang 5,Lebih dari 1 tahun lalu,CG,"Sumpah ya, nih pil diet bikin BAB lancar dan betul betul nge detox , buang air besar lancar banget, next mau coba tehnya semoga kurus 2022 wkwkwk "
F***t,bintang 5,Lebih dari 1 tahun lalu,CG,Yeayyy pengirimannya cepet respon seller juga cepetðŸ’
a***s,bintang 5,Lebih dari 1 tahun lalu,CG,Cepat tepat
E***a,bintang 5,Lebih dari 1 tahun lalu,CG,"barang sudah datang, tapi belum di coba. semoga ngefek."
Beatrice,bintang 5,Lebih dari 1 tahun lalu,CG,"Pengiriman cepat. Dikasih bonus terima
 kasih"
e***a,bintang 5,Lebih dari 1 tahun lalu,CG,"Baru pertama kali coba, jadi belum tahu seberapa besar efeknya produknya u/ saya. Kalau hasilnya baik akan repurchase. Utk pengemasan dan barang yang diterima semua dalam... "
R***a,bintang 5,Lebih dari 1 tahun lalu,CG,"baru mau coba botol pertama ini, kasih bintang 5 karena pengiriman dan pelayanan yg baik. untuk hasil ditunggu smpai habis dlu obatnya.. thanks seller"
Enoch,bintang 5,Lebih dari 1 tahun lalu,CG,"Pengiriman dan pengemasan bagus, semoga manjur ya. Tapi better diminum sama kapsulnya kalo yg ngga suka rasa pait herbsnya. Overall oke, BAB langsung lancar #ReviewHerbil... "
D***r,bintang 5,Lebih dari 1 tahun lalu,CG,nyaman banget minum ini. Gak bikin kulit kering juga.
Endang,bintang 5,Lebih dari 1 tahun lalu,CG,Barang tiba sesuai pesanan dan terima kasih bonusnya ðŸ˜ŠðŸ‘
Febtitania,bintang 5,Lebih dari 1 tahun lalu,CG,"Setelah minum sekitar 2 mingguan, yang paling terasa nafsu makan lebih terkontrol, jadi kepengen minum air putih terus, dan BB juga turun 1-2 kg, lumayan banget, super re... "
Tuti,bintang 5,Lebih dari 1 tahun lalu,CG,"baru d coba,, semoga cocok..packingan rapih bnaget. makasih"
I***a,bintang 5,Lebih dari 1 tahun lalu,CG,Pengirimannya rapi euy.
A***A,bintang 5,Lebih dari 1 tahun lalu,CG,"Pengiriman kilat bngt, product belum di coba semoga cocok"
S***a,bintang 5,Lebih dari 1 tahun lalu,CG,"Pengiriman cepat, belum coba sih. Semoga cocok biar bisa repeat order lg"
Fajar,bintang 5,Lebih dari 1 tahun lalu,CG,G
Y***i,bintang 5,Lebih dari 1 tahun lalu,CG,"baru pertama order dan siang tadi sudah saya minum 1 kapsul langsung ada efeknya...semoga aja kedepannya BB saya benar turun aamiin
#ReviewHerbilogy #NaturalRemedyTiapHar... "
Veriana,bintang 5,Lebih dari 1 tahun lalu,CG,Terimakasih barangnya sudah sampai.. ðŸ˜ŠðŸ™
Charisma,bintang 5,Lebih dari 1 tahun lalu,CG,bismillah smg cocok
I***a,bintang 5,Lebih dari 1 tahun lalu,CG,Mantap semoga cocok
Ratna,bintang 5,Lebih dari 1 tahun lalu,CG,"semoga cocok,, baru pertama coba"
I***e,bintang 5,Lebih dari 1 tahun lalu,CG,"Ini pembelian kedua,dan so far so good"
N***l,bintang 5,Lebih dari 1 tahun lalu,CG,"Ini pembelian kedua,dan so far so good"
Erwin,bintang 5,Lebih dari 1 tahun lalu,CG,"mantap lah...
terimakasih hadiahnya..."
C***a,bintang 5,Lebih dari 1 tahun lalu,CG,Nice product dan benar2 mengurangi berat badan jika disertai diet yg tepat
Rfwinanda,bintang 5,Lebih dari 1 tahun lalu,CG,"Mantap, dapat bonus healthy body"
Niken,bintang 5,Lebih dari 1 tahun lalu,CG,"sudah kali ke 3 beli slimming capsul dari Herbilogy, efek yang aku dapat adalah aq jadi gampang buat BAB, Gak bikin mules melilit. awal awal komsumsi blm terlalu efek, ta... "
Aristina,bintang 5,Lebih dari 1 tahun lalu,CG,"Sesuai deskripsi, packing ok..baru mau coba. In syaa Allah bisa turun bb"
Septika,bintang 5,Lebih dari 1 tahun lalu,CG,"Awalnya nyobain herbilogy yg femi, benerâ€ nglancarin haidkuuuiâ€¦
Semoga ini juga melancarkan ikhtiarkuu yaaa, enteng bgt abis minum ini #ReviewHerbilogy @herbilogy"
agustinus,bintang 5,Lebih dari 1 tahun lalu,CG,udah turun 10 kg
Y***i,bintang 5,Lebih dari 1 tahun lalu,CG,"Seller mah gercep, pesanan langsung diproses & dikirim bbrp jam setelah pesan. ðŸ‘ðŸ»
Ekspedisinya yg rada lelet.. maklum lah ekspedisi gratisan..
Belum dicoba, semoga... "
Y***i,bintang 5,Lebih dari 1 tahun lalu,CG,"pengiriman cepat, packing rapi, dapat bonus, belum dicoba, semoga cocok â˜º"
Imam,bintang 5,Lebih dari 1 tahun lalu,CG,pengiriman cepat. belum dicoba. semoga cocok
rina,bintang 5,Lebih dari 1 tahun lalu,CG,"seperti biasa, puas"
Yeny,bintang 5,Lebih dari 1 tahun lalu,CG,"Terasa aman minum ini karena yakin isinya herbal alami.
praktis, nyaman.
Tidak ada efek samping seperti jantung berdebar-debar dan mules2.
BAB lancar, terasa plong banget... "
Dhea,bintang 5,Lebih dari 1 tahun lalu,CG,"best sih ini.. terthebest pokoknya.. 
untuk diet belum bedampak sih karena baru 1mgg.an tapi BAB jadi lancar pake produk ini.. 
next pasti bakalan order lagi disini.."
D***h,bintang 5,Lebih dari 1 tahun lalu,CG,"pengiriman cepat ðŸ‘ 
semoga cocok.."
Malahayati,bintang 5,Lebih dari 1 tahun lalu,CG,pengiriman cepat. mdh2an cocok ya turun bb nya ðŸ˜
destyana,bintang 5,Lebih dari 1 tahun lalu,CG,pengiriman cepat. mdh2an cocok ya turun bb nya ðŸ˜
Sufini,bintang 5,Lebih dari 1 tahun lalu,CG,"Baru datang paketnya. Untuk awal sih aman tanpa cacat sedikitpun. Setelah di di minum 3x reaksi BAB jd lancar, terus di perut sdkit enteng. Mudah2an bisa membantu program... "
rizki,bintang 5,Lebih dari 1 tahun lalu,CG,"terimakasih barang udah sampe, respon seller ramah dan baik, pengiriman hanya sehari sampe semoga cocok pake ini"
N***a,bintang 5,Lebih dari 1 tahun lalu,CG,"pengiriman cepat dan datang tepat waktu. hanya kaget saat dibuka, di dalamnya ada banyak semut. produk aman, tersegel dan tertutup dengan baik."
J***g,bintang 5,Lebih dari 1 tahun lalu,CG,"bru x ini nemu suplement diet yg plg cocok buat ku, bs nurunin kadar lemak wkwk... suplemen diet lain mah nurunin massa otot. Nyesel knp bru tau skr, gak bikin diare kok,... "
Ida,bintang 5,Lebih dari 1 tahun lalu,CG,Smoga cocok ya.. tks..
I***s,bintang 5,Lebih dari 1 tahun lalu,CG,"pengiriman cpt bgt , mudh2n berkhasiat..."
riskafrida,bintang 5,Lebih dari 1 tahun lalu,CG,Top bangettt
adis,bintang 5,Lebih dari 1 tahun lalu,CG,baru pertama x coba. semoga cocok
Nurul,bintang 5,Lebih dari 1 tahun lalu,CG,ke-3 kalinya beli. udah terbukti nurunin bb dari 65 jd 58 tanpa diet ketat. beli lagi karna mau nyoba nurunin sampe ke 50 kali ini. thx alot
Anindya,bintang 5,Lebih dari 1 tahun lalu,CG,"From the ingredients list itself, you could tell it's full of high quality herbs that could help with fatloss. I used to drink several herbs listed separately, and He... "
N***l,bintang 5,Lebih dari 1 tahun lalu,CG,baguuusss....seperti biasanya :-)
Nidiea,bintang 5,Lebih dari 1 tahun lalu,CG,"1 botol yang udah habis, 1 botol belum dibuka. udah habis 5 botol, biasa beli di marketplace sebelah atau kalau kepepet di toko offline deket rumah dan ini tuh ngefek ban... "
beLLia,bintang 5,Lebih dari 1 tahun lalu,CG,baru pertama kali coba. semoga cocok ðŸ™
Bernadeta,bintang 5,Lebih dari 1 tahun lalu,CG,"Efeknya gak bikin perut melilit2, nyaman banget di minum setiap hari, mau coba produk yg lain lg.. "
Y***a,bintang 5,Lebih dari 1 tahun lalu,CG,"selalu puas belanja di herbilogy. udah percaya sama produk2 dan kualitas yang super terjamin.
selama ini kalo cari extract spt green coffee dll udah lgsg carinya di herbi... "
I***a,bintang 5,Lebih dari 1 tahun lalu,CG,semoga cocok
Y***i,bintang 5,Lebih dari 1 tahun lalu,CG,"cara cermat menurunkan badan dng bahan2 alami, dan tetap menjaga kesehatan sb Herbilogy menggunakan bahan yg bebas dr bahan kimia"
N***l,bintang 5,Lebih dari 1 tahun lalu,CG,Udah pembelian ke-3. Bikin bab jadi lancar tp krn masih bandel jarang defisit kalori jadi belom ngaruh banyak buat turun BB
Rosa,bintang 5,Lebih dari 1 tahun lalu,CG,mudah2an cocok
novie,bintang 5,Lebih dari 1 tahun lalu,CG,Secinta itu sama produk ini sumpah  emng agak lambat turun nya tapi gak bikin kita diet yg berlebih sampai gak makan sama sekali
P***i,bintang 5,Lebih dari 1 tahun lalu,CG,Sengaja saya coba dulu sebelum saya kasih feedback. (1) kandungan semua dari bahan alami dan terbukti emang berkhasiat untuk menurunkan berat badan (2) selama pakai beber... 
Nisa,bintang 5,Lebih dari 1 tahun lalu,CG,Herbilogy emang juara
lidya,bintang 5,Lebih dari 1 tahun lalu,CG,"sampenya cepet bgt, baru order kmrn sore hari ini udh diterima"
Novita,bintang 5,Lebih dari 1 tahun lalu,CG,"sampenya cepet bgt, baru order kmrn sore hari ini udh diterima"
L***i,bintang 5,Lebih dari 1 tahun lalu,CG,sudah langganan :)
D***i,bintang 5,Lebih dari 1 tahun lalu,CG,"terima kasih, sudah sampai paketnya .. terima kasih juga bonusnya .."
Billy,bintang 5,Lebih dari 1 tahun lalu,CG,pembelian pertama.. smga cocokk.. dan dikash free product
A***n,bintang 5,Lebih dari 1 tahun lalu,CG,"barang sudah sampai sesuai pesanan,kiriman kilat dan ada bonus"
A***a,bintang 5,Lebih dari 1 tahun lalu,CG,Udah pake sekitar 3 bulan perlahan tp turun bb nya dan ga bikin mules yg parah bgt masih aman ðŸ˜€
F***a,bintang 5,Lebih dari 1 tahun lalu,CG,"Sudah pembelian botol kesekian kali. Sangat membantu banget krn saya termasuk yang sulit dan ga teratur dlm hal (maaf) pup. minum ini jadi teratur, badan jg terasa enak d... "
,bintang 5,Lebih dari 1 tahun lalu,CG,"Proses cepat, produknya bagus. puas"
RNJ,bintang 5,Lebih dari 1 tahun lalu,CG,Belum di coba. Nanti di update ya setelah dicoba hehe
Try,bintang 5,Lebih dari 1 tahun lalu,CG,Belum coba tapi semoga berhasil. pengiriman cepat sekali. Terima kasih
Ike,bintang 5,Lebih dari 1 tahun lalu,CG,"Terima kasih untuk bonus produknya ya.
Packing aman dan rapi, respon penjual cepat, pengiriman juga cepat, padahal pakai gratis ongkir. Terima kasih

Ini pembelian pertam... "
Eka,bintang 5,Lebih dari 1 tahun lalu,CG,"Aku minum ini hampir 3 minggu, diiringi diet defisit kalori dan olahraga cardio 30 menit alhamdulillah turun 1KG/minggu. tidak ada diare/BAB/mules berlebihan, aman banget... "
Farhan,bintang 5,Lebih dari 1 tahun lalu,CG,"Barang yang diinginkan sesuai dengan apa yang diharapkan, rekomendasi untuk kawan-kawan untuk proses diet dengan cara herbal, produk yg aku beli beberapa kali ini memberi... "
D***a,bintang 5,Lebih dari 1 tahun lalu,CG,Hope it works on me. Thx u udh sampe dg cepat!âœ¨
A***i,bintang 5,Lebih dari 1 tahun lalu,CG,produk bagus. rekomen. baru diminum bbrp hari sdh ada efeknya. berat cenderung berkurang. hrÂ² pertama detoxnya mulai bereaksi. buang kecil 1 mlm sampe 5x. skg sdh cenderu... 
Novi,bintang 5,Lebih dari 1 tahun lalu,CG,"Klo produk ini sy sudah beberapa kali beli, dan rutin sy konsumsi. Alhamdulillah berhasil bikin BAB sy rutin sampai skrg, krn sebelumnya bisa lbh dr 3hr sekali. Ikhtiar b... "
S***i,bintang 4,Lebih dari 1 tahun lalu,CG,br sampe.. blom d cba..
A***a,bintang 5,Lebih dari 1 tahun lalu,CG,"Makasih bonus Pome powdernyaa â¤ï¸. Selalu percaya sama Herbilogy, kalau untuk product2 herbal buat kesehatan. Alhamdulillah slimming productnya aku paling suka. Karena men... "
riskafrida,bintang 5,Lebih dari 1 tahun lalu,CG,Goodddd
Antita,bintang 5,Lebih dari 1 tahun lalu,CG,"jujur untuk yg slimming ini baru coba,tapi sebelumnya sudah coba produk yg femi comfort dan feminine health,yg femi comfort beneran ngurangin rasa sakit pas mens,dan femi... "
Hariyani,bintang 5,Lebih dari 1 tahun lalu,CG,"Baru nyampek, cepet banget, blm Di coba liat review bagus, semoga cocok langganan ttp kasi bintang 5"
Christella,bintang 5,Lebih dari 1 tahun lalu,CG,udah sering minum dan memperlancar metabolisme tubuh
Cinthya,bintang 5,Lebih dari 1 tahun lalu,CG,"Semenjak beli herbilogy skg kebelakang lbh lancar dan gabikin sakit perut :â€™) dan ga ketergantungan mesti tiap hari seperti pencahar lainnya, awal yang cuman beli laxa te... "
L***a,bintang 5,Lebih dari 1 tahun lalu,CG,mantap berguna semoga
Dwi,bintang 5,Lebih dari 1 tahun lalu,CG,"bab lancar
ga bikin mules walo bisa sampe 3x sehari
bikin napsu makan berkurang, somehow :) 
thanks seller. thanks tokped."
A***a,bintang 5,Lebih dari 1 tahun lalu,CG,"Cepat sampai, botol aman. Belum dicoba tapi semoga cocok."
Aditia,bintang 5,Lebih dari 1 tahun lalu,CG,mantul sis
Made,bintang 5,Lebih dari 1 tahun lalu,CG,semoga bs bantu turunin berat badanku dan nahan nafsu makannnnðŸ˜­âœ¨
Amelia,bintang 5,Lebih dari 1 tahun lalu,CG,semoga cocok nanti order lagi
Y***a,bintang 5,Lebih dari 1 tahun lalu,CG,"pertama kali nyobain herbilogy slimming, semoga jodoh yaa. 
pengiriman sama pengemasan tidak usah diragukan lagii."
D***n,bintang 5,Lebih dari 1 tahun lalu,CG,"semoga cocok deh. barang udah sampai aman, pengiriman cepat, seller ramah dan kurir ramah."
P***P,bintang 5,Lebih dari 1 tahun lalu,CG,"ngebantu banget nurunin berat badan, asal di bantu makan sehat dan olah raga (asal gerak aja!) pasti repurchase fix"
A***m,bintang 5,Lebih dari 1 tahun lalu,CG,Kemasannya bagus tertutup ada petunjuknya juga ðŸ‘ðŸ»
Fransisca,bintang 5,Lebih dari 1 tahun lalu,CG,produk dikirim dengan baik. semoga bisa membantu utk menurunkan bb.
S***p,bintang 5,Lebih dari 1 tahun lalu,CG,packingnya rapii banget pake kardus kecil yg bisa reuse. Makasih
Andika,bintang 5,Lebih dari 1 tahun lalu,CG,Baru konsumsi beberapa hari dan yang saya rasakan pencernaan saya semakin lancar dan lebih mudah ketika BAB. Untuk berat badan masih on progress karena baru turun sedikit... 
Pamela,bintang 5,Lebih dari 1 tahun lalu,CG,"Rutin beli ini, ampuh bgt uda bantu melancarkan pencernaan."
N***r,bintang 5,Lebih dari 1 tahun lalu,CG,"terbantu sangat dengan produk herbilogy ini..
sukses selalu"
poppi,bintang 5,Lebih dari 1 tahun lalu,CG,dua kali beli dlm 1 bulan turun 6 kilo hebat pdhl konsumsi jarang bgt sehari 1 kali aj klo mau tdr doang krna terkendala pekerjaan tkt lemes dikantor ehhh tpi ttp manjur... 
R***a,bintang 4,Lebih dari 1 tahun lalu,CG,tidak seampuh kalo minum teh jati Belandanya lgsg. tapi lumayan sih  ga bikin perut mules
Adelia,bintang 5,Lebih dari 1 tahun lalu,CG,"baru pertama kali di herbilogy, beli laxa & slimming kapsul eh dapet bonus java turmeric extract powder ðŸ¤©. bahagiaaaaa sekali akutuh. pengiriman cepat pula. semoga b... "
yulli,bintang 5,Lebih dari 1 tahun lalu,CG,oke.. thanks buat temulawaknya
R***i,bintang 5,Lebih dari 1 tahun lalu,CG,"ini pembelian ke dua ,yang pertama sudah turun 3 kg ,"
endah,bintang 5,Lebih dari 1 tahun lalu,CG,"alhamdulillah, produk ini in shaa Allah bantu menurunkan atau mempertahankan bb yang sudah turun. Sangat membantu karena gak berasa lapar tapi tetap sehat apalagi ada bpo... "
E***n,bintang 5,Lebih dari 1 tahun lalu,CG,"alhamdulillah, produk ini in shaa Allah bantu menurunkan atau mempertahankan bb yang sudah turun. Sangat membantu karena gak berasa lapar tapi tetap sehat apalagi ada bpo... "
Kintan,bintang 5,Lebih dari 1 tahun lalu,CG,"Yang saya rasain pas minum ini bab jadi lebih lancar, kalo masalah nurunin berat badan kurang tau soalnya saya belum sempat menimbang. Tapi untuk maintain sehari-hari cuk... "
I***i,bintang 5,Lebih dari 1 tahun lalu,CG,belum di coba semoga cocok ðŸ˜Š
AMA,bintang 5,Lebih dari 1 tahun lalu,CG,kalau produknya gak nampol gak mungkin udah beli 4x hehe sebagus itu serius deh apalagi buat yang susah BAB kayak aku. bikin perut gak buncit tanpa mules berlebihan. efek... 
Neneng,bintang 5,Lebih dari 1 tahun lalu,CG,"minum pagi abis sarapan sama malem sebelum tidur, bagus banget sih bikin sering BAB tp gak mules, trus sering BABnya juga teratur dan gak bikin perut sakit, BAB nya juga... "
Rizky,bintang 5,Lebih dari 1 tahun lalu,CG,"Okee, sliming capsulenya sudah sampai
fast respon, semoga cocok.."
l***a,bintang 5,Lebih dari 1 tahun lalu,CG,"pembelian kedua, belum kerasa buat nurunin bb. tapi yg penting bb ngga naik waktu makan banyak. bab yaa lumayan lancar, meskipun ngga selancar minum laxa tea"
LUTFIATUL,bintang 5,Lebih dari 1 tahun lalu,CG,tingkiyu.. semoga membantu diet sayangðŸ¥°
Aditya,bintang 5,Lebih dari 1 tahun lalu,CG,Good!!!!
Julita,bintang 5,Lebih dari 1 tahun lalu,CG,"so far sih ngaruh banget bikin bab lancar, cuma memang hrs diimbangi dgn pola makan sehat dan olga spy hasil maksimal."
,bintang 5,Lebih dari 1 tahun lalu,CG,Respon penjualny bagus. packing rapi. kualitas produkny bagus
Sari,bintang 5,Lebih dari 1 tahun lalu,CG,smoga cocok
S***a,bintang 5,Lebih dari 1 tahun lalu,CG,smoga cocok
Novi,bintang 5,Lebih dari 1 tahun lalu,CG,makasiihh sudah sampe....semoga cocok yah...
B***o,bintang 5,Lebih dari 1 tahun lalu,CG,"Mantul banget produknya tapi belum dicoba, 
teowpe begete"
A***i,bintang 5,Lebih dari 1 tahun lalu,CG,sesuai pesanan dan cepat langs diproses sehingga pengiriman sesuai waktunya sip
Sarah,bintang 5,Lebih dari 1 tahun lalu,CG,"Mantap...
Sangat suka sama produknya karena sesuai foto dan kualitas produk sangat baik. Pengiriman juga sesuai dengan estimasi dan mantap pokoknya cepat dan mantap pokok... "
S***i,bintang 5,Lebih dari 1 tahun lalu,CG,"Proses cepat, pengemasan rapih. Baru mau coba, semoga cocok "
N***a,bintang 5,Lebih dari 1 tahun lalu,CG,ðŸ˜ðŸ˜
Yella,bintang 5,Lebih dari 1 tahun lalu,CG,sudah repurchase kesekian kali.. selalu puas.. makasih jg bonusnya ðŸ‘ðŸ¼
Dewi,bintang 5,Lebih dari 1 tahun lalu,CG,"sekali minum, ga lama langsung pup.. booster banget parah ðŸ˜"
Hilda,bintang 5,Lebih dari 1 tahun lalu,CG,Udah langganan
L***a,bintang 5,Lebih dari 1 tahun lalu,CG,semoga aman
I***i,bintang 5,Lebih dari 1 tahun lalu,CG,semoga aman
Muthmainnatun,bintang 5,Lebih dari 1 tahun lalu,CG,Mantap
Yudha,bintang 5,Lebih dari 1 tahun lalu,CG,"udah beli yg k2, sejauh ini oke buat melancarkan BAB. Btw gokil bgt sama pengiriman sicepat, beli kemarin malam ini sampai .. murah meriah "
MaMe,bintang 5,Lebih dari 1 tahun lalu,CG,pesanan ke2 ... hasil ny ok lah 
N***i,bintang 5,Lebih dari 1 tahun lalu,CG,pesanan ke2 ... hasil ny ok lah 
CallystaCollection,bintang 4,Lebih dari 1 tahun lalu,CG,semoga cucokkkkk..blm kelihatan hslnya
Nurul,bintang 5,Lebih dari 1 tahun lalu,CG,"pesanan ke-3. antisipasi lebaran, jaga2 karna timbangan sudah mulai naik. sudah siap diet lagi sebelum hari H"
Maria,bintang 5,Lebih dari 1 tahun lalu,CG,"Baru nyoba minum 1 di siang hari. Setelah beberapa jam perut kerasa melilit yang hilang timbul, kayak lagi mens, cuma gak nyiksa sih. Terus malemnya kerasa sih melancarka... "
N***i,bintang 5,Lebih dari 1 tahun lalu,CG,mantapp dpt bonus madu stick jugaa.. semoga ngefek turunin bb
Yasmin,bintang 5,Lebih dari 1 tahun lalu,CG,"Baru coba 2 hari sih karna keburu mens, tapi di 2 hari itu kerasa banget fungsinya bikin melancarkan bab. Nanti diupdate lagi setelah lebih lama pake dan keliatan manfaat... "
Julita,bintang 5,Lebih dari 1 tahun lalu,CG,"Baru coba 2 hari sih karna keburu mens, tapi di 2 hari itu kerasa banget fungsinya bikin melancarkan bab. Nanti diupdate lagi setelah lebih lama pake dan keliatan manfaat... "
T***a,bintang 5,Lebih dari 1 tahun lalu,CG,"kemasannya agak penyok ya?
tapi semoga isinya baik baik aja
ini pertama kalinya coba, semoga cocok buat bikin BAB ku lancar setiap hari + bonus turun berat badan ya
thank... "
Y***i,bintang 5,Lebih dari 1 tahun lalu,CG,"Sebelum beli slimming pil, I tried yang laxa tea tokcerrrrr bngt buat BAB & bb aku turun 1-2kg, but krn berat badan lagi naik dan butuh yg cepett pengen coba slimming... "
Firda,bintang 5,Lebih dari 1 tahun lalu,CG,Cocok pakai ini dan sdh order ke 5x nya
S***h,bintang 5,Lebih dari 1 tahun lalu,CG,"dpt gift herbal skin, langganan terus terimakasih"
L***n,bintang 5,Lebih dari 1 tahun lalu,CG,"Hari pertama pemakaian blm ada efek apa2. Hari kedua mulai kelihatan: BAB pagi, sore, dan malam. Hari ketiga juga sama. Overall ngefek di saya (saya minum setiap sebelum... "
S***i,bintang 5,Lebih dari 1 tahun lalu,CG,tepat waktu n kemasan ok
Teti,bintang 5,Lebih dari 1 tahun lalu,CG,"2021 menuju hidup lebih sehat, terima kasih yahh. "
N***e,bintang 5,Lebih dari 1 tahun lalu,CG,"My second purchase! Tujuannya bukan buat slimming sih sebenernya, lebih ke melancarkan metabolisme, karena aku ada masalah bab nggak teratur. And it works! Sambil nambah... "
Ida,bintang 5,Lebih dari 1 tahun lalu,CG,recommended ..BAB lancar dan menekan nafsu makan
E***a,bintang 5,Lebih dari 1 tahun lalu,CG,smg cocok
P***a,bintang 5,Lebih dari 1 tahun lalu,CG,"Sudah botol ke-2. Terima kasih bonus chia seednya 
"
C***y,bintang 5,Lebih dari 1 tahun lalu,CG,"semoga bisa membantu program dietku,harga nya sesuai dengan barang. "
A***A,bintang 5,Lebih dari 1 tahun lalu,CG,barang sdh sampai. semoga bagus obatnya
Fransiska,bintang 5,Lebih dari 1 tahun lalu,CG,Cocok dengan produk herbilogy makanya udah ketiga kali order disini.
H***a,bintang 5,Lebih dari 1 tahun lalu,CG,Cocok dengan produk herbilogy makanya udah ketiga kali order disini.
D***a,bintang 5,Lebih dari 1 tahun lalu,CG,"Awalnya beli Slimming Capsul ini emang bukan untuk Detox atau Diet sihh, tapi untuk memperlancar BAB. Krn Slimming Kapsul ini ngefek bgt di ak yg pd dasarnya susah BAB. J... "
N***l,bintang 5,Lebih dari 1 tahun lalu,CG,"2x pesan. karna ngefek walaupun pelan2, kali ini mau barengan sama diet&olahraga, biar cepet turun."
eni,bintang 5,Lebih dari 1 tahun lalu,CG,Pembelian ke 2 
Amelia,bintang 5,Lebih dari 1 tahun lalu,CG,Sudah sampai. Cepat banget nyampenya sehari beli langsung nyampe besoknya. Semoga cocok yaaa
Fast,bintang 5,Lebih dari 1 tahun lalu,CG,respon cepat pengiriman juga cepat bestt!!
Randy,bintang 5,Lebih dari 1 tahun lalu,CG,semoga cocok
Mamta,bintang 5,Lebih dari 1 tahun lalu,CG,semoga cocok
A***u,bintang 5,Lebih dari 1 tahun lalu,CG,"Kemasan rapi, pengiriman lumayan cepat, udah beberapa kali beli. Produknya ok"
Tanny,bintang 5,Lebih dari 1 tahun lalu,CG,Order ke-2. Puas
habriyatna,bintang 5,Lebih dari 1 tahun lalu,CG,mudah2an cocok... respon seller cepet recommended ðŸ‘
Handoko,bintang 5,Lebih dari 1 tahun lalu,CG,mantap
Nur,bintang 5,Lebih dari 1 tahun lalu,CG,"bagus barangnya, smape nya cepet. 
di kasih tips juga supaya BB turun dan sehat. 
Semoga bisa sehat dan bonus nya bb turun"
C***r,bintang 5,Lebih dari 1 tahun lalu,CG,Pelayanannya sangat cepat. Semoga cocok untuk Saya.
M***y,bintang 5,Lebih dari 1 tahun lalu,CG,bagus semoga bisa turun bb nyaðŸ˜Š
e***c,bintang 5,Lebih dari 1 tahun lalu,CG,"turun 3 kg, dan masih target 3 kg lagiðŸ˜ðŸ˜ðŸ˜"
lifestylemynew,bintang 5,Lebih dari 1 tahun lalu,CG,Mantap berkhasiat
Jasmine,bintang 5,Lebih dari 1 tahun lalu,CG,"barang diterima baik, semoga ngefek"
Jeremea,bintang 5,Lebih dari 1 tahun lalu,CG,puas
Muhammad,bintang 4,Lebih dari 1 tahun lalu,CG,"trial.
semoga cocok. "
Haikal,bintang 5,Lebih dari 1 tahun lalu,CG,"baru pertama coba ,semoga cocok . seller fast respon banget .. makasih banyaaaaaak "
T***g,bintang 5,Lebih dari 1 tahun lalu,CG,"belum coba produk, semoga cocok.
packing oke, dapat hadiah sesuai promonya. Sering"" buat promo ya. Terima kasih seller
"
Muhammad,bintang 5,Lebih dari 1 tahun lalu,CG,"aman,tp belum lihat efeknya"
Renaldi,bintang 5,Lebih dari 1 tahun lalu,CG,semoga bermanfaat
indri,bintang 5,Lebih dari 1 tahun lalu,CG,"beli buat suami, kata dia bikin lancar bab semoga bisa ngebantu kontrol berat badan dia ya"
Iqbal,bintang 5,Lebih dari 1 tahun lalu,CG,"beli buat suami, kata dia bikin lancar bab semoga bisa ngebantu kontrol berat badan dia ya"
Stefanus,bintang 5,Lebih dari 1 tahun lalu,CG,"First time nih kata temenku bagus, semoga cocok dan bisa repurchase, thankyouðŸ™"
Johannes,bintang 5,Lebih dari 1 tahun lalu,CG,"mantapp
"
eni,bintang 5,Lebih dari 1 tahun lalu,CG,"Pasti order lagi 
"
Roro,bintang 5,Lebih dari 1 tahun lalu,CG,diet sehat? aku sih saranin herbilogy aja yaa 
F***a,bintang 5,Lebih dari 1 tahun lalu,CG,Bantu banget buat diet.. Mantap!
lina,bintang 5,Lebih dari 1 tahun lalu,CG,masi d coba.pngiriman cepat.moga diet nya sukses
A***a,bintang 5,Lebih dari 1 tahun lalu,CG,"mantap gan.. mmg jd lancar bab, hrs dsertai makan sehat juga.. "
Ummu,bintang 5,Lebih dari 1 tahun lalu,CG,"pertama coba produk ini,semoga cocok . seller nya ramah dan pelayanan super , di kasih bonus Healthy body . seneeng banget . in syaa Allah langganan"
N***e,bintang 5,Lebih dari 1 tahun lalu,CG,"Beli ini tujuannya bukan slimming sih, lebih ke melancarkan BAB, dan sejauh ini mantuls ðŸ‘ Thx herbilogy"
B***t,bintang 5,Lebih dari 1 tahun lalu,CG,"Setiap pagi perut mulas krn mau BAB, abis itu nggak lagi sih. Penurunan berat badan beluman kelihatan krn nggak kurangin makan and nggak olah raga. Tetapi BAB jd rutin se... "
Nurul,bintang 5,Lebih dari 1 tahun lalu,CG,"Ntah udah botol keberapa, jadi kaya rutin aja sama slimming capsule ini."
D***i,bintang 5,Lebih dari 1 tahun lalu,CG,paketnya sudah sampai .. makasih bonusnya ya ðŸ˜
retno,bintang 5,Lebih dari 1 tahun lalu,CG,"pembelian ke 2
semoga bener2 bs turun 10kg
"
Qonitatun,bintang 5,Lebih dari 1 tahun lalu,CG,mantab
F***a,bintang 5,Lebih dari 1 tahun lalu,CG,"sudah menjadi rutinitas minum slimming capsul dan selalu repeat order, membantu melancarkan BAB krn saya termasuk yang sulit BAB, dan sangat membantu menjaga pola makan.... "
Ratna,bintang 5,Lebih dari 1 tahun lalu,CG,"lagi lanjutin after laxa tea..smoga ttp lancar bab..bb bs turun...
pengiriman cepet bgt...kmrn order hr ni sampe..ðŸ¤—"
Citra,bintang 5,Lebih dari 1 tahun lalu,CG,Suamiku minum ini berhasil turun 5 kg. Kalo kolesterol terus minum ini alhamdulillah turun kolesterolnya karena bahan dasarnya buat menghilangkan lemak. Mantep pokoknya.
Desi,bintang 5,Lebih dari 1 tahun lalu,CG,dicoba dulu semoga cocok. nanti mau coba laxa teanya juga hehe
Y***a,bintang 5,Lebih dari 1 tahun lalu,CG,Penjual sangat ramah. Setiap pertanyaan dijawab. Jadi respon penjual sangat2 baik. Semoga produk ini memberikan manfaat yg positif untuk saya.
M***i,bintang 4,Lebih dari 1 tahun lalu,CG,"Kalau minum ini bagusnya malam karena pasti diare, hari pertama diare parah banget sampe mau nangis. Hari kedua cuma buang air besar normal tapi sekitar 2-3x sehari, saya... "
T***4,bintang 5,Lebih dari 1 tahun lalu,CG,ðŸ‘ðŸ¼
Akira,bintang 5,Lebih dari 1 tahun lalu,CG,2kg 1 minggu 
H***c,bintang 5,Lebih dari 1 tahun lalu,CG,"sudah konsumsi seminggu, mengurangi rasa ingin nyemil namun di saya efek nya perut berasa panas dan kurang nyaman di badan.."
Ratnasari,bintang 5,Lebih dari 1 tahun lalu,CG,"Baru 3hari pke enakan bab nya lamcar , badan kerasa ringan.. mudah2n bisa buat nurunin bb aku. Untuk pengiriman cepet packing juga aman thanks gan
"
Francisca,bintang 5,Lebih dari 1 tahun lalu,CG,so far cocok dan bkin buang air besar lancaar... lop u... â¤
Y***i,bintang 5,Lebih dari 1 tahun lalu,CG,"pengiriman cepat,  diberi lembaran instruksi nya,  ud lgs coba minum 1, lgs efek menekan rasa lapar,  smg bs menurun kan BB s/d akhir bulan. smg cocok,  kl cocok lanjut s... "
Yunita,bintang 5,Lebih dari 1 tahun lalu,CG,"Terima Kasih...Paket cpt sampe nya dan packing rapi..Respon admin cpt dan ramah...Mdh2an produk nya cocok,Aamiin."
Mega,bintang 5,Lebih dari 1 tahun lalu,CG,Ini pemakaian botol kedua saya. Sejauh saya minum produk ini berat badan saya turun dari 57 skarang 51.8 di pemakaian botol kedua saya. Tentunya dibarengin sama jaga pola... 
M***n,bintang 5,Lebih dari 1 tahun lalu,CG,"As usual, aku pake untung penunjang diet . Ampuh si buat melancarkan bab . 1-2x aja sehari sblm makan . Aku barengin sama workout 2 hari sekali min 30minutes . Emg turunn... "
R***a,bintang 5,Lebih dari 1 tahun lalu,CG,"Proses order sangat cepat. Kurir ok. Produk ok. Dikasih bonus blackseed, thank you !! Puas"
Dimas,bintang 5,Lebih dari 1 tahun lalu,CG,"Proses order sangat cepat. Kurir ok. Produk ok. Dikasih bonus blackseed, thank you !! Puas"
T***i,bintang 5,Lebih dari 1 tahun lalu,CG,Beli ini buat Ibu. katanya cocok karena buang air jadi lancar dan badan berasa lebih ringan :) 
a***a,bintang 5,Lebih dari 1 tahun lalu,CG,udah semingguan konsumsi ini bab lancar banget bisa 3x sehari. gatau berat badan turun apa nggak karena blm beli timbangan
Amira,bintang 5,Lebih dari 1 tahun lalu,CG,"produk asli! seller responsif + ramah, packaging aman + rapi, pengiriman cepaat. thank youu :)"
Bara,bintang 5,Lebih dari 1 tahun lalu,CG,kiriman cepat semoga obatnya manjyuuurrr 
Retno,bintang 5,Lebih dari 1 tahun lalu,CG,kiriman cepat semoga obatnya manjyuuurrr 
Firman,bintang 5,Lebih dari 1 tahun lalu,CG,"pengemasan baik, tersegel mantap"
Sri,bintang 5,Lebih dari 1 tahun lalu,CG,belom dicoba semoga berhasil
A***a,bintang 5,Lebih dari 1 tahun lalu,CG,"respon toko cepat,proses cepat, pengiriman jg cepat, selalu puas untuk belanja disini"
r***a,bintang 5,Lebih dari 1 tahun lalu,CG,baru pesan kemrin siang eh udh sampe jh
Taklara,bintang 5,Lebih dari 1 tahun lalu,CG,semoga cocok..
Iis,bintang 5,Lebih dari 1 tahun lalu,CG,"saya baru mau coba slimming ini. jd blm bs review skrg. yg mau saya review itu adalah feminine health.., awalnya saya pake krn keputihan.. tp setelah pake.. selain keputi... "
Imas,bintang 5,Lebih dari 1 tahun lalu,CG,"Ngaruh banget, 9hari pertama turun 3kg :â€("
M***d,bintang 5,Lebih dari 1 tahun lalu,CG,"Paketnya cepat dtang, penjual ramah sekali. Terima kasih"
R***n,bintang 5,Lebih dari 1 tahun lalu,CG,Mantap deh belanja disini.
Antin,bintang 5,Lebih dari 1 tahun lalu,CG,coba yang kedua kali
R***e,bintang 5,Lebih dari 1 tahun lalu,CG,"pakeettt... baru pesen kemaren udah datang 
mantaapp pengiriman cepatt ..
belum bisa ngasih review mudah2an cocok dan singsing 

"
Belle,bintang 5,Lebih dari 1 tahun lalu,CG,waw beneran bikin BAB terus. sy ga ada masalah sm BAB tp krn minum ini sehari jadi bisa 2-3x ðŸ˜… efek slimming hrs dibarengi dgn olahraga dan diet tepat tentunya
Farida,bintang 5,Lebih dari 1 tahun lalu,CG,Pake seminggu turun 1kg.. not bad... mudah2an sebulan 4kg ya... produk oke... ga bikin sakit perut berlebihan.
F***Y,bintang 4,Lebih dari 1 tahun lalu,CG,good bisa lancar bab nya juga.. unt nafsu makan agak kurang bisa menurun sih tapi ok la selama aku nya bisa menahan nafsu makan nya =)
H***y,bintang 5,Lebih dari 1 tahun lalu,CG,"produk sampai dengan selamat, wish me luck semoga berhasil turun berat badanny amin"
nur,bintang 5,Lebih dari 1 tahun lalu,CG,"Bb aku stabil pake ini, smoga bisa turun lagi"
Mima,bintang 5,Lebih dari 1 tahun lalu,CG,"Baru dua hari. Jd males makan, sama bab lancar. Enak loh ga bikin mules berlebihan. Kayanya bakalan jd produk kesayangan. Usahain minum sama teh diet ny jugak"
N***e,bintang 5,Lebih dari 1 tahun lalu,CG,All good..semoga ngefek ya di saya.. thanks seller
Hendra,bintang 5,Lebih dari 1 tahun lalu,CG,"Senang sekali pengiriman produk yg cepat, dan packaging produk yg sangat aman.. baru coba 2 hari blm bisa kelihatan hasilnya.. jika ada hasil setelah 1 bulan konsumsi bak... "
C***e,bintang 5,Lebih dari 1 tahun lalu,CG,Baru pertama kali mau coba. Semoga sukses hehehe
C***a,bintang 5,Lebih dari 1 tahun lalu,CG,"Udah berkali kali beli di sini, puas ðŸ‘ðŸ»"
Muhammad,bintang 4,Lebih dari 1 tahun lalu,CG,Nyobain dulu belum tau hasilnya
Qurotul,bintang 5,Lebih dari 1 tahun lalu,CG,Barang nya diterima utuh . Baik. Belum ada efek nya sie. Tapi dicoba terus.
carolus,bintang 5,Lebih dari 1 tahun lalu,CG,"pengiriman cepat. barang sudah diterima. baru dicoba bbrp hari, semoga ada hasilnya"
Wasianingsih,bintang 5,Lebih dari 1 tahun lalu,CG,Saya baru mau coba semoga cocok dan dpt benr2 manjur ke tubuh saya..terima kasih Herbilogy terimakasih selerr..pelayanan ramah dan pengiriman cepat..
Kurniawa,bintang 5,Lebih dari 1 tahun lalu,CG,Good prodak
Zoura,bintang 5,Lebih dari 1 tahun lalu,CG,Good prodak
R***y,bintang 5,Lebih dari 1 tahun lalu,CG,"Recommended, asli herbal."
M***n,bintang 5,Lebih dari 1 tahun lalu,CG,"As usual , proses & pengiriman cepat . Untuk slimming herbal ini affordable banget si , bantu banget buat aku yg metabolism nya lambat sekali . Tp kl diet ttp hrs jag... "
C***a,bintang 5,Lebih dari 1 tahun lalu,CG,"As usual , proses & pengiriman cepat . Untuk slimming herbal ini affordable banget si , bantu banget buat aku yg metabolism nya lambat sekali . Tp kl diet ttp hrs jag... "
STEFFANI,bintang 5,Lebih dari 1 tahun lalu,CG,"Good Produk N Best seller, recomend buat obat diet, Pengiriman juga cepet, Seller ramah, Selebihnya biar bintang yg menilai â­ï¸â­ï¸â­ï¸â­ï¸â­ï¸â­ï¸â­ï¸â­ï¸â­ï¸â­ï¸. Thanks seller n Tokped :... "
E***a,bintang 5,Lebih dari 1 tahun lalu,CG,"Pengiriman cpt bgt, packing rapi, semoga cocok di saya jadi bisa langganan.. makasih ya :)"
D***i,bintang 5,Lebih dari 1 tahun lalu,CG,Paketnya sudah sampai .. makasih ya ðŸ˜
D***h,bintang 5,Lebih dari 1 tahun lalu,CG,"Semoga ngaruh, packaging aman pengiriman cepat"
Rizal,bintang 5,Lebih dari 1 tahun lalu,CG,Semoga sesuai ekspektasi
Christin,bintang 5,Lebih dari 1 tahun lalu,CG,"Makasih ya paketnya udh sampai, i hope it works for me ðŸ™"
Faalia,bintang 5,Lebih dari 1 tahun lalu,CG,Barang asli kirimnya juga cepet suka dech
dhewa,bintang 5,Lebih dari 1 tahun lalu,CG,Baru nyoba. Semoga berhasil.
Susannyo,bintang 5,Lebih dari 1 tahun lalu,CG,"Produk Aman dan di segel dengan baik , 
Semoga bisa turun berat badan ku"
Joko,bintang 5,Lebih dari 1 tahun lalu,CG,"Kiriman tepat waktu, Baru coba, moga2 ada hasilnya..."
Johannes,bintang 5,Lebih dari 1 tahun lalu,CG,Produk sangat bagus. Very recomended
Indria,bintang 5,Lebih dari 1 tahun lalu,CG,Baru pertama kali coba .. semoga cocok ..
F***e,bintang 5,Lebih dari 1 tahun lalu,CG,"Paket diterima dengan baik . Produknya bagus 

"
mrs,bintang 5,Lebih dari 1 tahun lalu,CG,"Udah ke 3x nya repeat order dan selalu suka. Nggabikin ketergantungan. Manteuuup.
"
melita,bintang 5,Lebih dari 1 tahun lalu,CG,"dalam beberapa hari ini minum 3x shari efeknya baik. ga bikin lemes or mules2 berkepanjangan. di saya hanya mules ringan nyaman, bab teratur, gak bikin haus dan lemes. te... "
Aya,bintang 5,Lebih dari 1 tahun lalu,CG,"Sudah pakai produk2 herbilogy dari tahun lalu, dan semuanya bagus2, extract powdernya, kapsul2nya. Kalau yg slimming ini kayanya udh botol ke 5-6 deh, emang rutin minum i... "
Teddy,bintang 5,Lebih dari 1 tahun lalu,CG,"Manttul boss,......................"
V***a,bintang 5,Lebih dari 1 tahun lalu,CG,"Produk original, pengiriman cepat, packaging rapi lengkap dng panduannya.
"
marlaen,bintang 5,Lebih dari 1 tahun lalu,CG,"obatnya cocok, terima kasih ya ,udah order yg ke dua"
Ian,bintang 4,Lebih dari 1 tahun lalu,CG,Yang instan bab laxa tea nya.. overall puas
dewi,bintang 5,Lebih dari 1 tahun lalu,CG,"Sukak...spt nya akan order lagi,cuz..."
Putri,bintang 3,Lebih dari 1 tahun lalu,CG,Bintang 3 dlu. Baru 2 hari minum 3x1 dan hari ke 3 bolak balik BAB. Rencana mau di kurangi jadi 2x1. Nanti review lagi.
Silviani,bintang 5,Lebih dari 1 tahun lalu,CG,"Suka banget pakai produk ini, aku itu tipe orang yg susah banget bab dan ngurusin berat badan udah coba berbagai macam cara, sejak minum ini alhamdulillah bab lancar bera... "
d***a,bintang 5,Lebih dari 1 tahun lalu,CG,bismillah. Semoga cocok
A***h,bintang 5,Lebih dari 1 tahun lalu,CG,bismillah. Semoga cocok
D***i,bintang 5,Lebih dari 1 tahun lalu,CG,Bukan cuma sekedar slimming product tapi lengkap dengan katalog dan tips hidup sehat thx herbiology semoga cocok jadi bisa repeat order xxo 
rudy,bintang 5,Lebih dari 1 tahun lalu,CG,"Terima kasih sudah d terima dengan baik, barang bagus dan pelayanan yg baik."
Y***a,bintang 5,Lebih dari 1 tahun lalu,CG,Pengiriman cepat....  Dan diterima dgn baik... Tp blm sy coba.. Mudah2an cocok...
Tiara,bintang 5,Lebih dari 1 tahun lalu,CG,"ini udh botol ke2. sebagus itu produknya. selain aman karena dari bahan alami, ternyata memang seampuh itu buat bikin lemak2 pada luntur. terbukti 2 bulan minum ini udah... "
Irfan,bintang 5,Lebih dari 1 tahun lalu,CG,"ini udh botol ke2. sebagus itu produknya. selain aman karena dari bahan alami, ternyata memang seampuh itu buat bikin lemak2 pada luntur. terbukti 2 bulan minum ini udah... "
Ita,bintang 5,Lebih dari 1 tahun lalu,CG,"Ini orderan yg kedua, lumayan membantu menurunkan bb ku yg susah turunðŸ˜"
Dwi,bintang 5,Lebih dari 1 tahun lalu,CG,"bagus, aku baru minum 3 hari langsung bereaksi, semoga cocok dan sesuai yg diharapkan."
S***h,bintang 5,Lebih dari 1 tahun lalu,CG,Semoga cocok dan pesen lagi terimakasih 
mrs,bintang 5,Lebih dari 1 tahun lalu,CG,"Cepet banget sampe Jogja cm 1,5 hari. Semoga cocok"
Ribka,bintang 5,Lebih dari 1 tahun lalu,CG,"Beneran bikin selera makan menurunðŸ˜†
Dan bikin haus banyak minum...
Terus pencernaan bagus, tapi ga bikin perut jadi melilit... dan ga bikin dompett terkurasss...ðŸ¤£ðŸ¤£ðŸ¤£ "
Khofiyah,bintang 5,Lebih dari 1 tahun lalu,CG,"Baru mau aku coba ..smg berhasil .
"
Haerul,bintang 5,Lebih dari 1 tahun lalu,CG,Suka
indra,bintang 5,Lebih dari 1 tahun lalu,CG,"Pengiriman cepet banget, semoga cocok"
Haerul,bintang 5,Lebih dari 1 tahun lalu,CG,Puas
Alfian,bintang 5,Lebih dari 1 tahun lalu,CG,Semoga bermanfaat ðŸ˜Š
Mega,bintang 5,Lebih dari 1 tahun lalu,CG,"Alhamdulillah sudah datangðŸ˜ keren banget rapih sumpah pas buka tutupnya juga aga susah jadi amanðŸ˜ smoga cocok / bisa nurunin BB akohhhh, ðŸ˜ðŸ˜ðŸ˜ðŸ˜ thank youuuuðŸ˜˜"
Dimas,bintang 3,Lebih dari 1 tahun lalu,CG,Nyoba dulu sapa tau cocok 
V***a,bintang 5,Lebih dari 1 tahun lalu,CG,Pengiriman cepat dan packaging aman. Semoga cocok.
Shelin,bintang 5,Lebih dari 1 tahun lalu,CG,Baru coba pertama kali. Mudah2an ngefek yaa
A***e,bintang 4,Lebih dari 1 tahun lalu,CG,Packing rapi... Baru minum 2 hari so far mayan menahan nafsu makan.. Bintang 4 dulu nanti kalo ada efek saya repeat order dan bintang 5
neptunus,bintang 5,Lebih dari 1 tahun lalu,CG,"Produk Original,cepat sampai ðŸ‘"
Haerul,bintang 5,Lebih dari 1 tahun lalu,CG,Selalu puas
R***i,bintang 5,Lebih dari 1 tahun lalu,CG,Barang oke.. semoga berhasil BB bisa turun
Abdilian,bintang 5,Lebih dari 1 tahun lalu,CG,"Cepet banget sampe nyaaa, seller nya fast respond sekali. "
Elisa,bintang 4,Lebih dari 1 tahun lalu,CG,"Tidak melancarkan BAB secepat laxa tea lagi ga kaya dulu waktu pertama kali coba, tapi tetep ngebantu menahan nafsu makan jika di konsumsi rutin"
Lucky,bintang 5,Lebih dari 1 tahun lalu,CG,"Respon toko cepat, pelayanan baik dan maksimal. Produk sesuai deskripsi, packing aman. Terima kasih,"
Rani,bintang 5,Lebih dari 1 tahun lalu,CG,"Paket sampai dengan baik.  Jujur,  sebenarnya di apotik deket saya ada jual,  cuma beli online karena suka ada kata2 begini. Bahagia deh. ðŸ˜ "
Ayu,bintang 5,Lebih dari 1 tahun lalu,CG,Packing rapi pengiriman cepat smga cocok biar bisa repeat order :)
Prapti,bintang 5,Lebih dari 1 tahun lalu,CG,Pembelian ke2 pesanan tmn.smg cocok dan repeat order lg. 
A***i,bintang 5,Lebih dari 1 tahun lalu,CG,"sejauh ini saya cocok sih dengan produknya,fast respon juga"
abed,bintang 5,Lebih dari 1 tahun lalu,CG,"Ok. 
Tp blm di coba.. 
Mdhn cocok 
ðŸ‘ðŸ‘"
Bram,bintang 5,Lebih dari 1 tahun lalu,CG,Sdh sampai semoga bermanfaat...
Vinsa,bintang 5,Lebih dari 1 tahun lalu,CG,"Fast respon, semoga cocok, kalo cocok bakal repeat order kesini lagi. "
anwar,bintang 5,Lebih dari 1 tahun lalu,CG,Sudah sering beli disini 
Shinta,bintang 5,Lebih dari 1 tahun lalu,CG,Semoga cocok ke saya ya.udah stress nih diet gak sukses mulu
Siska,bintang 5,Lebih dari 1 tahun lalu,CG,Cepat sekali pengirimannya..semoga bermanfaat produknya
A***l,bintang 5,Lebih dari 1 tahun lalu,CG,Semoga bisa turun
Adenan,bintang 5,Lebih dari 1 tahun lalu,CG,"Ini orderan kedua saya,orderan pertama kemaren saya puas bgt,krn berhasil menurunkan 6kg dlm 1 bulan,sekarang saya pergunakan untuk mengontrol lemak perut,terima kasih ba... "
M***e,bintang 5,Lebih dari 1 tahun lalu,CG,Packing rapi dan aman. Proses cepat. Thanks!
M***a,bintang 5,Lebih dari 1 tahun lalu,CG,Cepat dikirim. Semoga cocok di saya
Ariani,bintang 5,Lebih dari 1 tahun lalu,CG,Proses cepat Packing rapi Barang sesuai ðŸ‘ Semoga cocok ðŸ˜Š
D***a,bintang 5,Lebih dari 1 tahun lalu,CG,Ok.............................
F***r,bintang 5,Lebih dari 1 tahun lalu,CG,Tersegel dengan baik. Semoga bermanfaat.
Willy,bintang 4,Lebih dari 1 tahun lalu,CG,"Trm.ksh brg sdh smp, ini sdh 2x sy beli herbilogy, blm signifikan turunnya, tp sdh membantu utk lancar BAB"
Puspita,bintang 5,Lebih dari 1 tahun lalu,CG,"Thx! Pengiriman super cepat. Belum dicoba, semoga cocok."
Endy,bintang 5,Lebih dari 1 tahun lalu,CG,Produk sesuai dan semoga cocok
D***a,bintang 5,Lebih dari 1 tahun lalu,CG,Ok bagus.......................
Willy,bintang 4,Lebih dari 1 tahun lalu,CG,"Trm.ksh brg sdh smp, semoga 
 produk bener berhasil utk diet"
Luminous,bintang 4,Lebih dari 1 tahun lalu,CG,"Belum di coba, semoga bermanfaat"
S***p,bintang 5,Lebih dari 1 tahun lalu,CG,"proses cepat , pengiriman cepat. makasih ðŸ™"
Meilani,bintang 4,Lebih dari 1 tahun lalu,CG,"Mudah2an manjur obatnya, Terima kasih.. "
Fenty,bintang 5,Lebih dari 1 tahun lalu,CG,"Sudah sampai, fast respon.. semoga produknya berhasil ya"
Ayu,bintang 5,Lebih dari 1 tahun lalu,CG,"Produk sesuai dengan gambar, paket rapi. Recommended"
Okta,bintang 5,Lebih dari 1 tahun lalu,CG,"Produk sesuai dengan gambar, paket rapi. Recommended"
vidiana,bintang 4,Lebih dari 1 tahun lalu,CG,"Makasih barangnya sudah datang, seller responsif, barang cepat sampai, dicoba dulu ya mudah2an berhasil nurunin bb ðŸ˜…"
Lieviana,bintang 5,Lebih dari 1 tahun lalu,CG,Barang sesuai pesanan. Packing rapi . Pengiriman cepat. Semoga manfaatnya sesuai harapan. Tq
Siely,bintang 5,Lebih dari 1 tahun lalu,CG,Terima kasih ini pembelian kedua... produk bagus. Melancarkan pencernaan.
Ollie,bintang 5,Lebih dari 1 tahun lalu,CG,Cepat sekali sampai nya. Barang msh di segel. Rapi. Thanks ya!
O***a,bintang 5,Lebih dari 1 tahun lalu,CG,"Packaging rapi dan delivery sangat cepat dari seller. Untuk produknya sendiri, blom keliatan effectnya. Ini botol ke 2."
A***a,bintang 5,Lebih dari 1 tahun lalu,CG,"Sudah diterima yaa, semoga manjur, terima kasih!"
R***a,bintang 5,Lebih dari 1 tahun lalu,CG,Cepat sampai paketnya..cocok sm produknya..lnjut trus pakai produk ini..tq
D***a,bintang 5,Lebih dari 1 tahun lalu,CG,"Coba dulu ya tq,,,,,,,,,,,,,,,,,,,"
Feby,bintang 5,Lebih dari 1 tahun lalu,CG,"Good Stuff, Recommended Seller!! "
y***i,bintang 5,Lebih dari 1 tahun lalu,CG,"respon cepat dan pengiriman cepat, barang sesuai"
C***e,bintang 5,Lebih dari 1 tahun lalu,CG,"Baru pertama kali coba, semoga cocoj dan berhasil"
Sari,bintang 5,Lebih dari 1 tahun lalu,CG,"Sudah diterima,  blm dicoba,  semoga cocok"
Puspa,bintang 5,Lebih dari 1 tahun lalu,CG,Produk recommended bgt. Saya blm genap sebulan udah turun kurleb 5 kg. Ini mau repeat order lg.
THE,bintang 5,Lebih dari 1 tahun lalu,CG,"Packing rapi dan cepat sampai, semoga cocok biar jadi langganan "
V***a,bintang 5,Lebih dari 1 tahun lalu,CG,Happy repeat order customer ðŸ˜„
K***i,bintang 5,Lebih dari 1 tahun lalu,CG,Produknya bagus sekali! Reguler deh beli di sini
Feby,bintang 5,Lebih dari 1 tahun lalu,CG,"Good Stuff, Recommended Seller!! "
y***i,bintang 5,Lebih dari 1 tahun lalu,CG,"respon cepat dan pengiriman cepat, barang sesuai"
